customer_id,first_name,last_name,email,registration_date,country,last_updated
1,FirstName1,LastName1,customer1@example.com,2024-06-04,Poland,2025-07-07 23:20:13
2,FirstName2,LastName2,customer2@example.com,2025-03-29,Poland,2025-07-07 23:20:13
3,FirstName3,LastName3,customer3@example.com,2023-11-01,Germany,2025-07-07 23:20:13
4,FirstName4,LastName4,customer4@example.com,2024-12-03,USA,2025-07-07 23:20:13
5,FirstName5,LastName5,,2024-10-17,USA,2025-07-07 23:20:13
6,FirstName6,LastName6,customer6@example.com,2023-10-08,USA,2025-07-07 23:20:13
7,FirstName7,LastName7,customer7@example.com,2024-05-09,USA,2025-07-07 23:20:13
8,FirstName8,LastName8,,2025-05-24,USA,2025-07-07 23:20:13
9,FirstName9,LastName9,customer9@example.com,2024-02-25,Poland,2025-07-07 23:20:13
10,FirstName10,LastName10,customer10@example.com,2024-01-10,Poland,2025-07-07 23:20:13
11,FirstName11,LastName11,,2024-12-13,Poland,2025-07-07 23:20:13
12,FirstName12,LastName12,customer12@example.com,2025-01-31,USA,2025-07-07 23:20:13
13,FirstName13,LastName13,customer13@example.com,2025-05-20,Poland,2025-07-07 23:20:13
14,FirstName14,LastName14,customer14@example.com,2025-02-22,USA,2025-07-07 23:20:13
15,FirstName15,LastName15,customer15@example.com,2025-05-07,USA,2025-07-07 23:20:13
16,FirstName16,LastName16,customer16@example.com,2025-05-24,Poland,2025-07-07 23:20:13
17,FirstName17,LastName17,customer17@example.com,2023-12-23,Poland,2025-07-07 23:20:13
18,FirstName18,LastName18,customer18@example.com,2025-01-27,Germany,2025-07-07 23:20:13
19,FirstName19,LastName19,customer19@example.com,2023-07-22,Poland,2025-07-07 23:20:13
20,FirstName20,LastName20,customer20@example.com,2024-03-02,USA,2025-07-07 23:20:13
21,FirstName21,LastName21,,2024-12-13,Poland,2025-07-07 23:20:13
22,FirstName22,LastName22,customer22@example.com,2023-11-05,Germany,2025-07-07 23:20:13
23,FirstName23,LastName23,customer23@example.com,2025-04-15,Poland,2025-07-07 23:20:13
24,FirstName24,LastName24,customer24@example.com,2024-01-02,USA,2025-07-07 23:20:13
25,FirstName25,LastName25,customer25@example.com,2024-01-24,Germany,2025-07-07 23:20:13
26,FirstName26,LastName26,customer26@example.com,2024-11-28,USA,2025-07-07 23:20:13
27,FirstName27,LastName27,customer27@example.com,2024-12-07,USA,2025-07-07 23:20:13
28,FirstName28,LastName28,customer28@example.com,2025-01-30,Poland,2025-07-07 23:20:13
29,FirstName29,LastName29,customer29@example.com,2025-04-16,Poland,2025-07-07 23:20:13
30,FirstName30,LastName30,customer30@example.com,2025-05-17,Germany,2025-07-07 23:20:13
31,FirstName31,LastName31,customer31@example.com,2024-03-19,Germany,2025-07-07 23:20:13
32,FirstName32,LastName32,customer32@example.com,2023-08-27,USA,2025-07-07 23:20:13
33,FirstName33,LastName33,,2024-05-25,USA,2025-07-07 23:20:13
34,FirstName34,LastName34,customer34@example.com,2024-10-16,Germany,2025-07-07 23:20:13
35,FirstName35,LastName35,customer35@example.com,2025-02-25,Germany,2025-07-07 23:20:13
36,FirstName36,LastName36,customer36@example.com,2024-12-03,Poland,2025-07-07 23:20:13
37,FirstName37,LastName37,customer37@example.com,2023-07-31,Poland,2025-07-07 23:20:13
38,FirstName38,LastName38,customer38@example.com,2025-02-22,Poland,2025-07-07 23:20:13
39,FirstName39,LastName39,,2024-01-23,Germany,2025-07-07 23:20:13
40,FirstName40,LastName40,customer40@example.com,2024-11-14,USA,2025-07-07 23:20:13
41,FirstName41,LastName41,customer41@example.com,2024-02-07,USA,2025-07-07 23:20:13
42,FirstName42,LastName42,customer42@example.com,2024-09-15,USA,2025-07-07 23:20:13
43,FirstName43,LastName43,customer43@example.com,2025-04-13,Germany,2025-07-07 23:20:13
44,FirstName44,LastName44,customer44@example.com,2023-12-21,USA,2025-07-07 23:20:13
45,FirstName45,LastName45,customer45@example.com,2023-09-11,USA,2025-07-07 23:20:13
46,FirstName46,LastName46,customer46@example.com,2025-01-03,USA,2025-07-07 23:20:13
47,FirstName47,LastName47,customer47@example.com,2023-10-10,Poland,2025-07-07 23:20:13
48,FirstName48,LastName48,customer48@example.com,2023-10-10,USA,2025-07-07 23:20:13
49,FirstName49,LastName49,customer49@example.com,2025-03-15,Germany,2025-07-07 23:20:13
50,FirstName50,LastName50,customer50@example.com,2024-12-11,Poland,2025-07-07 23:20:13
51,FirstName51,LastName51,customer51@example.com,2023-07-28,Germany,2025-07-07 23:20:13
52,FirstName52,LastName52,customer52@example.com,2025-04-26,Germany,2025-07-07 23:20:13
53,FirstName53,LastName53,customer53@example.com,2023-08-06,Germany,2025-07-07 23:20:13
54,FirstName54,LastName54,customer54@example.com,2024-01-19,Poland,2025-07-07 23:20:13
55,FirstName55,LastName55,customer55@example.com,2023-11-23,USA,2025-07-07 23:20:13
56,FirstName56,LastName56,customer56@example.com,2025-02-15,Germany,2025-07-07 23:20:13
57,FirstName57,LastName57,customer57@example.com,2023-11-06,Germany,2025-07-07 23:20:13
58,FirstName58,LastName58,customer58@example.com,2023-11-08,USA,2025-07-07 23:20:13
59,FirstName59,LastName59,customer59@example.com,2024-09-21,Poland,2025-07-07 23:20:13
60,FirstName60,LastName60,customer60@example.com,2025-06-20,Germany,2025-07-07 23:20:13
61,FirstName61,LastName61,customer61@example.com,2023-09-25,Poland,2025-07-07 23:20:13
62,FirstName62,LastName62,customer62@example.com,2024-10-19,USA,2025-07-07 23:20:13
63,FirstName63,LastName63,customer63@example.com,2024-11-08,Poland,2025-07-07 23:20:13
64,FirstName64,LastName64,,2023-08-20,Germany,2025-07-07 23:20:13
65,FirstName65,LastName65,customer65@example.com,2024-07-12,Poland,2025-07-07 23:20:13
66,FirstName66,LastName66,customer66@example.com,2024-04-03,Germany,2025-07-07 23:20:13
67,FirstName67,LastName67,customer67@example.com,2024-07-20,Germany,2025-07-07 23:20:13
68,FirstName68,LastName68,customer68@example.com,2023-10-12,USA,2025-07-07 23:20:13
69,FirstName69,LastName69,customer69@example.com,2025-05-20,Germany,2025-07-07 23:20:13
70,FirstName70,LastName70,customer70@example.com,2024-08-23,Germany,2025-07-07 23:20:13
71,FirstName71,LastName71,customer71@example.com,2023-09-08,Germany,2025-07-07 23:20:13
72,FirstName72,LastName72,customer72@example.com,2024-04-11,Germany,2025-07-07 23:20:13
73,FirstName73,LastName73,customer73@example.com,2025-04-05,Germany,2025-07-07 23:20:13
74,FirstName74,LastName74,,2023-10-19,Poland,2025-07-07 23:20:13
75,FirstName75,LastName75,customer75@example.com,2024-12-07,Germany,2025-07-07 23:20:13
76,FirstName76,LastName76,customer76@example.com,2025-03-15,Germany,2025-07-07 23:20:13
77,FirstName77,LastName77,customer77@example.com,2025-03-27,USA,2025-07-07 23:20:13
78,FirstName78,LastName78,customer78@example.com,2025-04-06,Germany,2025-07-07 23:20:13
79,FirstName79,LastName79,customer79@example.com,2025-01-21,USA,2025-07-07 23:20:13
80,FirstName80,LastName80,customer80@example.com,2023-11-11,Germany,2025-07-07 23:20:13
81,FirstName81,LastName81,customer81@example.com,2024-01-08,Poland,2025-07-07 23:20:13
82,FirstName82,LastName82,customer82@example.com,2024-05-31,Poland,2025-07-07 23:20:13
83,FirstName83,LastName83,customer83@example.com,2023-12-28,Germany,2025-07-07 23:20:13
84,FirstName84,LastName84,customer84@example.com,2023-10-23,Poland,2025-07-07 23:20:13
85,FirstName85,LastName85,customer85@example.com,2024-09-07,USA,2025-07-07 23:20:13
86,FirstName86,LastName86,customer86@example.com,2024-03-13,USA,2025-07-07 23:20:13
87,FirstName87,LastName87,,2023-12-12,Poland,2025-07-07 23:20:13
88,FirstName88,LastName88,customer88@example.com,2025-03-02,Germany,2025-07-07 23:20:13
89,FirstName89,LastName89,customer89@example.com,2023-08-08,Germany,2025-07-07 23:20:13
90,FirstName90,LastName90,,2024-03-12,USA,2025-07-07 23:20:13
91,FirstName91,LastName91,customer91@example.com,2024-09-23,USA,2025-07-07 23:20:13
92,FirstName92,LastName92,customer92@example.com,2025-03-28,Germany,2025-07-07 23:20:13
93,FirstName93,LastName93,customer93@example.com,2025-03-13,Poland,2025-07-07 23:20:13
94,FirstName94,LastName94,customer94@example.com,2023-12-21,Germany,2025-07-07 23:20:13
95,FirstName95,LastName95,customer95@example.com,2024-03-04,Germany,2025-07-07 23:20:13
96,FirstName96,LastName96,customer96@example.com,2025-05-31,USA,2025-07-07 23:20:13
97,FirstName97,LastName97,,2025-06-23,USA,2025-07-07 23:20:13
98,FirstName98,LastName98,customer98@example.com,2025-02-24,Germany,2025-07-07 23:20:13
99,FirstName99,LastName99,customer99@example.com,2025-06-05,USA,2025-07-07 23:20:13
100,FirstName100,LastName100,,2024-05-11,USA,2025-07-07 23:20:13
101,FirstName101,LastName101,customer101@example.com,2025-05-02,Germany,2025-07-07 23:20:13
102,FirstName102,LastName102,customer102@example.com,2024-03-31,Germany,2025-07-07 23:20:13
103,FirstName103,LastName103,customer103@example.com,2024-07-06,Poland,2025-07-07 23:20:13
104,FirstName104,LastName104,customer104@example.com,2023-08-02,Germany,2025-07-07 23:20:13
105,FirstName105,LastName105,customer105@example.com,2023-12-13,Poland,2025-07-07 23:20:13
106,FirstName106,LastName106,customer106@example.com,2023-11-14,Germany,2025-07-07 23:20:13
107,FirstName107,LastName107,customer107@example.com,2023-08-13,Poland,2025-07-07 23:20:13
108,FirstName108,LastName108,customer108@example.com,2024-10-29,USA,2025-07-07 23:20:13
109,FirstName109,LastName109,customer109@example.com,2023-11-17,USA,2025-07-07 23:20:13
110,FirstName110,LastName110,customer110@example.com,2024-06-09,Germany,2025-07-07 23:20:13
111,FirstName111,LastName111,customer111@example.com,2023-07-22,Poland,2025-07-07 23:20:13
112,FirstName112,LastName112,customer112@example.com,2024-05-15,Germany,2025-07-07 23:20:13
113,FirstName113,LastName113,customer113@example.com,2024-07-29,USA,2025-07-07 23:20:13
114,FirstName114,LastName114,,2025-03-18,Germany,2025-07-07 23:20:13
115,FirstName115,LastName115,customer115@example.com,2025-02-23,USA,2025-07-07 23:20:13
116,FirstName116,LastName116,customer116@example.com,2024-09-10,Germany,2025-07-07 23:20:13
117,FirstName117,LastName117,customer117@example.com,2024-02-27,USA,2025-07-07 23:20:13
118,FirstName118,LastName118,customer118@example.com,2025-07-06,Germany,2025-07-07 23:20:13
119,FirstName119,LastName119,customer119@example.com,2023-12-05,Germany,2025-07-07 23:20:13
120,FirstName120,LastName120,customer120@example.com,2023-08-13,USA,2025-07-07 23:20:13
121,FirstName121,LastName121,customer121@example.com,2024-01-28,Germany,2025-07-07 23:20:13
122,FirstName122,LastName122,customer122@example.com,2024-03-08,Poland,2025-07-07 23:20:13
123,FirstName123,LastName123,customer123@example.com,2024-07-11,Poland,2025-07-07 23:20:13
124,FirstName124,LastName124,,2024-08-16,Poland,2025-07-07 23:20:13
125,FirstName125,LastName125,,2025-04-05,Poland,2025-07-07 23:20:13
126,FirstName126,LastName126,customer126@example.com,2024-10-19,USA,2025-07-07 23:20:13
127,FirstName127,LastName127,customer127@example.com,2024-11-11,USA,2025-07-07 23:20:13
128,FirstName128,LastName128,customer128@example.com,2024-04-19,Germany,2025-07-07 23:20:13
129,FirstName129,LastName129,customer129@example.com,2024-11-02,Poland,2025-07-07 23:20:13
130,FirstName130,LastName130,customer130@example.com,2025-03-01,Germany,2025-07-07 23:20:13
131,FirstName131,LastName131,customer131@example.com,2024-09-02,USA,2025-07-07 23:20:13
132,FirstName132,LastName132,customer132@example.com,2023-09-14,USA,2025-07-07 23:20:13
133,FirstName133,LastName133,,2024-04-01,USA,2025-07-07 23:20:13
134,FirstName134,LastName134,customer134@example.com,2024-01-23,USA,2025-07-07 23:20:13
135,FirstName135,LastName135,customer135@example.com,2025-03-14,Poland,2025-07-07 23:20:13
136,FirstName136,LastName136,customer136@example.com,2024-06-16,Poland,2025-07-07 23:20:13
137,FirstName137,LastName137,customer137@example.com,2024-01-14,Poland,2025-07-07 23:20:13
138,FirstName138,LastName138,customer138@example.com,2024-04-17,Germany,2025-07-07 23:20:13
139,FirstName139,LastName139,customer139@example.com,2024-08-23,Poland,2025-07-07 23:20:13
140,FirstName140,LastName140,customer140@example.com,2024-05-14,Germany,2025-07-07 23:20:13
141,FirstName141,LastName141,customer141@example.com,2024-10-13,USA,2025-07-07 23:20:13
142,FirstName142,LastName142,,2025-03-24,USA,2025-07-07 23:20:13
143,FirstName143,LastName143,,2025-03-28,Germany,2025-07-07 23:20:13
144,FirstName144,LastName144,customer144@example.com,2025-01-27,Germany,2025-07-07 23:20:13
145,FirstName145,LastName145,customer145@example.com,2025-02-07,USA,2025-07-07 23:20:13
146,FirstName146,LastName146,customer146@example.com,2025-04-21,USA,2025-07-07 23:20:13
147,FirstName147,LastName147,customer147@example.com,2025-03-16,Poland,2025-07-07 23:20:13
148,FirstName148,LastName148,customer148@example.com,2025-02-13,Germany,2025-07-07 23:20:13
149,FirstName149,LastName149,customer149@example.com,2025-06-27,Poland,2025-07-07 23:20:13
150,FirstName150,LastName150,,2024-07-23,Germany,2025-07-07 23:20:13
151,FirstName151,LastName151,customer151@example.com,2023-11-04,USA,2025-07-07 23:20:13
152,FirstName152,LastName152,customer152@example.com,2024-07-16,Germany,2025-07-07 23:20:13
153,FirstName153,LastName153,,2025-01-07,Poland,2025-07-07 23:20:13
154,FirstName154,LastName154,,2023-12-18,USA,2025-07-07 23:20:13
155,FirstName155,LastName155,customer155@example.com,2023-08-05,Poland,2025-07-07 23:20:13
156,FirstName156,LastName156,customer156@example.com,2024-07-11,USA,2025-07-07 23:20:13
157,FirstName157,LastName157,,2024-08-20,Poland,2025-07-07 23:20:13
158,FirstName158,LastName158,customer158@example.com,2023-11-07,Germany,2025-07-07 23:20:13
159,FirstName159,LastName159,customer159@example.com,2024-05-20,USA,2025-07-07 23:20:13
160,FirstName160,LastName160,customer160@example.com,2024-07-18,USA,2025-07-07 23:20:13
161,FirstName161,LastName161,customer161@example.com,2024-02-05,Poland,2025-07-07 23:20:13
162,FirstName162,LastName162,customer162@example.com,2025-03-05,USA,2025-07-07 23:20:13
163,FirstName163,LastName163,customer163@example.com,2025-01-29,USA,2025-07-07 23:20:13
164,FirstName164,LastName164,customer164@example.com,2025-01-12,Poland,2025-07-07 23:20:13
165,FirstName165,LastName165,customer165@example.com,2024-04-24,Poland,2025-07-07 23:20:13
166,FirstName166,LastName166,customer166@example.com,2024-05-09,USA,2025-07-07 23:20:13
167,FirstName167,LastName167,customer167@example.com,2023-10-27,USA,2025-07-07 23:20:13
168,FirstName168,LastName168,customer168@example.com,2023-07-16,USA,2025-07-07 23:20:13
169,FirstName169,LastName169,customer169@example.com,2025-01-16,Poland,2025-07-07 23:20:13
170,FirstName170,LastName170,customer170@example.com,2023-11-27,USA,2025-07-07 23:20:13
171,FirstName171,LastName171,customer171@example.com,2024-07-21,Poland,2025-07-07 23:20:13
172,FirstName172,LastName172,customer172@example.com,2024-08-13,Poland,2025-07-07 23:20:13
173,FirstName173,LastName173,customer173@example.com,2024-07-11,Poland,2025-07-07 23:20:13
174,FirstName174,LastName174,customer174@example.com,2025-03-04,USA,2025-07-07 23:20:13
175,FirstName175,LastName175,customer175@example.com,2023-09-15,Germany,2025-07-07 23:20:13
176,FirstName176,LastName176,customer176@example.com,2024-06-19,Germany,2025-07-07 23:20:13
177,FirstName177,LastName177,customer177@example.com,2025-06-06,Germany,2025-07-07 23:20:13
178,FirstName178,LastName178,customer178@example.com,2023-09-21,Germany,2025-07-07 23:20:13
179,FirstName179,LastName179,customer179@example.com,2025-04-23,Germany,2025-07-07 23:20:13
180,FirstName180,LastName180,customer180@example.com,2023-12-28,USA,2025-07-07 23:20:13
181,FirstName181,LastName181,customer181@example.com,2025-06-19,Poland,2025-07-07 23:20:13
182,FirstName182,LastName182,customer182@example.com,2023-12-11,USA,2025-07-07 23:20:13
183,FirstName183,LastName183,customer183@example.com,2023-10-06,USA,2025-07-07 23:20:13
184,FirstName184,LastName184,customer184@example.com,2024-05-22,Germany,2025-07-07 23:20:13
185,FirstName185,LastName185,customer185@example.com,2025-06-13,Poland,2025-07-07 23:20:13
186,FirstName186,LastName186,customer186@example.com,2025-01-28,Poland,2025-07-07 23:20:13
187,FirstName187,LastName187,customer187@example.com,2025-01-06,Poland,2025-07-07 23:20:13
188,FirstName188,LastName188,customer188@example.com,2024-07-04,Poland,2025-07-07 23:20:13
189,FirstName189,LastName189,customer189@example.com,2024-11-08,Germany,2025-07-07 23:20:13
190,FirstName190,LastName190,customer190@example.com,2025-06-06,Poland,2025-07-07 23:20:13
191,FirstName191,LastName191,customer191@example.com,2024-07-26,Poland,2025-07-07 23:20:13
192,FirstName192,LastName192,customer192@example.com,2024-04-29,USA,2025-07-07 23:20:13
193,FirstName193,LastName193,customer193@example.com,2025-03-27,Poland,2025-07-07 23:20:13
194,FirstName194,LastName194,,2024-01-04,USA,2025-07-07 23:20:13
195,FirstName195,LastName195,customer195@example.com,2024-03-31,Poland,2025-07-07 23:20:13
196,FirstName196,LastName196,customer196@example.com,2025-04-14,USA,2025-07-07 23:20:13
197,FirstName197,LastName197,customer197@example.com,2023-07-16,USA,2025-07-07 23:20:13
198,FirstName198,LastName198,customer198@example.com,2025-05-30,Germany,2025-07-07 23:20:13
199,FirstName199,LastName199,customer199@example.com,2024-08-16,USA,2025-07-07 23:20:13
200,FirstName200,LastName200,,2024-05-03,USA,2025-07-07 23:20:13
201,FirstName201,LastName201,customer201@example.com,2024-02-18,Poland,2025-07-07 23:20:13
202,FirstName202,LastName202,customer202@example.com,2024-06-04,Poland,2025-07-07 23:20:13
203,FirstName203,LastName203,customer203@example.com,2025-05-08,USA,2025-07-07 23:20:13
204,FirstName204,LastName204,customer204@example.com,2024-11-01,Germany,2025-07-07 23:20:13
205,FirstName205,LastName205,customer205@example.com,2025-04-01,Germany,2025-07-07 23:20:13
206,FirstName206,LastName206,,2023-12-12,Poland,2025-07-07 23:20:13
207,FirstName207,LastName207,customer207@example.com,2025-03-19,Germany,2025-07-07 23:20:13
208,FirstName208,LastName208,,2023-09-26,Germany,2025-07-07 23:20:13
209,FirstName209,LastName209,customer209@example.com,2024-07-02,Poland,2025-07-07 23:20:13
210,FirstName210,LastName210,customer210@example.com,2023-09-14,Poland,2025-07-07 23:20:13
211,FirstName211,LastName211,customer211@example.com,2025-05-06,USA,2025-07-07 23:20:13
212,FirstName212,LastName212,customer212@example.com,2024-03-26,USA,2025-07-07 23:20:13
213,FirstName213,LastName213,customer213@example.com,2025-05-06,Poland,2025-07-07 23:20:13
214,FirstName214,LastName214,customer214@example.com,2024-03-23,Poland,2025-07-07 23:20:13
215,FirstName215,LastName215,customer215@example.com,2024-12-09,USA,2025-07-07 23:20:13
216,FirstName216,LastName216,customer216@example.com,2024-03-25,Germany,2025-07-07 23:20:13
217,FirstName217,LastName217,customer217@example.com,2025-04-24,USA,2025-07-07 23:20:13
218,FirstName218,LastName218,customer218@example.com,2024-06-20,USA,2025-07-07 23:20:13
219,FirstName219,LastName219,customer219@example.com,2025-04-26,USA,2025-07-07 23:20:13
220,FirstName220,LastName220,customer220@example.com,2024-07-05,USA,2025-07-07 23:20:13
221,FirstName221,LastName221,customer221@example.com,2024-10-24,USA,2025-07-07 23:20:13
222,FirstName222,LastName222,customer222@example.com,2025-06-11,Germany,2025-07-07 23:20:13
223,FirstName223,LastName223,customer223@example.com,2024-01-26,USA,2025-07-07 23:20:13
224,FirstName224,LastName224,customer224@example.com,2024-02-14,USA,2025-07-07 23:20:13
225,FirstName225,LastName225,customer225@example.com,2025-01-18,USA,2025-07-07 23:20:13
226,FirstName226,LastName226,customer226@example.com,2024-06-19,Germany,2025-07-07 23:20:13
227,FirstName227,LastName227,,2024-08-20,USA,2025-07-07 23:20:13
228,FirstName228,LastName228,customer228@example.com,2024-02-06,Poland,2025-07-07 23:20:13
229,FirstName229,LastName229,customer229@example.com,2024-02-19,Germany,2025-07-07 23:20:13
230,FirstName230,LastName230,customer230@example.com,2025-04-28,Germany,2025-07-07 23:20:13
231,FirstName231,LastName231,customer231@example.com,2025-01-29,USA,2025-07-07 23:20:13
232,FirstName232,LastName232,customer232@example.com,2025-03-23,Poland,2025-07-07 23:20:13
233,FirstName233,LastName233,customer233@example.com,2024-01-17,USA,2025-07-07 23:20:13
234,FirstName234,LastName234,customer234@example.com,2025-03-13,Germany,2025-07-07 23:20:13
235,FirstName235,LastName235,customer235@example.com,2023-08-23,Germany,2025-07-07 23:20:13
236,FirstName236,LastName236,,2024-03-25,Poland,2025-07-07 23:20:13
237,FirstName237,LastName237,customer237@example.com,2024-02-16,Germany,2025-07-07 23:20:13
238,FirstName238,LastName238,customer238@example.com,2023-10-07,Poland,2025-07-07 23:20:13
239,FirstName239,LastName239,customer239@example.com,2025-05-22,Poland,2025-07-07 23:20:13
240,FirstName240,LastName240,customer240@example.com,2024-06-15,Poland,2025-07-07 23:20:13
241,FirstName241,LastName241,customer241@example.com,2024-04-21,Poland,2025-07-07 23:20:13
242,FirstName242,LastName242,customer242@example.com,2024-12-20,USA,2025-07-07 23:20:13
243,FirstName243,LastName243,customer243@example.com,2025-05-31,USA,2025-07-07 23:20:13
244,FirstName244,LastName244,customer244@example.com,2023-08-28,Poland,2025-07-07 23:20:13
245,FirstName245,LastName245,customer245@example.com,2023-08-22,USA,2025-07-07 23:20:13
246,FirstName246,LastName246,customer246@example.com,2025-06-03,Poland,2025-07-07 23:20:13
247,FirstName247,LastName247,customer247@example.com,2024-03-17,Germany,2025-07-07 23:20:13
248,FirstName248,LastName248,customer248@example.com,2024-09-08,Germany,2025-07-07 23:20:13
249,FirstName249,LastName249,customer249@example.com,2023-07-20,Poland,2025-07-07 23:20:13
250,FirstName250,LastName250,customer250@example.com,2025-05-06,Poland,2025-07-07 23:20:13
251,FirstName251,LastName251,,2023-10-29,Germany,2025-07-07 23:20:13
252,FirstName252,LastName252,customer252@example.com,2025-01-10,USA,2025-07-07 23:20:13
253,FirstName253,LastName253,customer253@example.com,2024-09-03,USA,2025-07-07 23:20:13
254,FirstName254,LastName254,customer254@example.com,2024-09-26,USA,2025-07-07 23:20:13
255,FirstName255,LastName255,customer255@example.com,2025-02-24,Germany,2025-07-07 23:20:13
256,FirstName256,LastName256,customer256@example.com,2025-06-13,USA,2025-07-07 23:20:13
257,FirstName257,LastName257,customer257@example.com,2024-03-15,Germany,2025-07-07 23:20:13
258,FirstName258,LastName258,customer258@example.com,2024-08-23,Poland,2025-07-07 23:20:13
259,FirstName259,LastName259,customer259@example.com,2025-07-03,USA,2025-07-07 23:20:13
260,FirstName260,LastName260,customer260@example.com,2023-12-25,USA,2025-07-07 23:20:13
261,FirstName261,LastName261,customer261@example.com,2024-09-11,USA,2025-07-07 23:20:13
262,FirstName262,LastName262,customer262@example.com,2023-09-24,Poland,2025-07-07 23:20:13
263,FirstName263,LastName263,customer263@example.com,2025-01-09,USA,2025-07-07 23:20:13
264,FirstName264,LastName264,customer264@example.com,2025-07-05,USA,2025-07-07 23:20:13
265,FirstName265,LastName265,customer265@example.com,2024-08-21,Germany,2025-07-07 23:20:13
266,FirstName266,LastName266,customer266@example.com,2025-03-28,Germany,2025-07-07 23:20:13
267,FirstName267,LastName267,customer267@example.com,2024-11-22,USA,2025-07-07 23:20:13
268,FirstName268,LastName268,,2025-06-10,Poland,2025-07-07 23:20:13
269,FirstName269,LastName269,customer269@example.com,2023-07-15,Poland,2025-07-07 23:20:13
270,FirstName270,LastName270,customer270@example.com,2025-05-27,Poland,2025-07-07 23:20:13
271,FirstName271,LastName271,customer271@example.com,2024-04-08,Germany,2025-07-07 23:20:13
272,FirstName272,LastName272,customer272@example.com,2023-10-08,Germany,2025-07-07 23:20:13
273,FirstName273,LastName273,customer273@example.com,2024-08-25,Germany,2025-07-07 23:20:13
274,FirstName274,LastName274,customer274@example.com,2024-04-27,Germany,2025-07-07 23:20:13
275,FirstName275,LastName275,customer275@example.com,2023-07-19,Poland,2025-07-07 23:20:13
276,FirstName276,LastName276,customer276@example.com,2024-11-25,USA,2025-07-07 23:20:13
277,FirstName277,LastName277,customer277@example.com,2024-12-28,USA,2025-07-07 23:20:13
278,FirstName278,LastName278,customer278@example.com,2023-10-08,Poland,2025-07-07 23:20:13
279,FirstName279,LastName279,customer279@example.com,2024-04-23,Germany,2025-07-07 23:20:13
280,FirstName280,LastName280,customer280@example.com,2023-08-16,Poland,2025-07-07 23:20:13
281,FirstName281,LastName281,customer281@example.com,2024-10-25,USA,2025-07-07 23:20:13
282,FirstName282,LastName282,customer282@example.com,2024-05-30,Germany,2025-07-07 23:20:13
283,FirstName283,LastName283,customer283@example.com,2024-06-22,Poland,2025-07-07 23:20:13
284,FirstName284,LastName284,customer284@example.com,2025-05-21,USA,2025-07-07 23:20:13
285,FirstName285,LastName285,customer285@example.com,2024-07-16,Poland,2025-07-07 23:20:13
286,FirstName286,LastName286,customer286@example.com,2024-05-01,Germany,2025-07-07 23:20:13
287,FirstName287,LastName287,,2024-04-19,Germany,2025-07-07 23:20:13
288,FirstName288,LastName288,customer288@example.com,2025-01-27,Poland,2025-07-07 23:20:13
289,FirstName289,LastName289,customer289@example.com,2024-04-12,Germany,2025-07-07 23:20:13
290,FirstName290,LastName290,customer290@example.com,2024-11-29,Germany,2025-07-07 23:20:13
291,FirstName291,LastName291,customer291@example.com,2025-03-23,Poland,2025-07-07 23:20:13
292,FirstName292,LastName292,,2024-10-20,Poland,2025-07-07 23:20:13
293,FirstName293,LastName293,customer293@example.com,2023-11-12,Poland,2025-07-07 23:20:13
294,FirstName294,LastName294,customer294@example.com,2024-12-31,Germany,2025-07-07 23:20:13
295,FirstName295,LastName295,customer295@example.com,2024-08-27,USA,2025-07-07 23:20:13
296,FirstName296,LastName296,customer296@example.com,2024-09-17,USA,2025-07-07 23:20:13
297,FirstName297,LastName297,customer297@example.com,2023-10-21,Germany,2025-07-07 23:20:13
298,FirstName298,LastName298,customer298@example.com,2024-07-20,Germany,2025-07-07 23:20:13
299,FirstName299,LastName299,customer299@example.com,2024-05-18,USA,2025-07-07 23:20:13
300,FirstName300,LastName300,customer300@example.com,2024-09-01,Poland,2025-07-07 23:20:13
301,FirstName301,LastName301,,2024-04-06,USA,2025-07-07 23:20:13
302,FirstName302,LastName302,customer302@example.com,2024-01-07,USA,2025-07-07 23:20:13
303,FirstName303,LastName303,customer303@example.com,2024-05-20,USA,2025-07-07 23:20:13
304,FirstName304,LastName304,customer304@example.com,2023-11-16,Germany,2025-07-07 23:20:13
305,FirstName305,LastName305,customer305@example.com,2023-11-04,Poland,2025-07-07 23:20:13
306,FirstName306,LastName306,customer306@example.com,2024-06-12,Germany,2025-07-07 23:20:13
307,FirstName307,LastName307,customer307@example.com,2023-08-27,Germany,2025-07-07 23:20:13
308,FirstName308,LastName308,customer308@example.com,2023-10-05,Germany,2025-07-07 23:20:13
309,FirstName309,LastName309,customer309@example.com,2023-10-03,USA,2025-07-07 23:20:13
310,FirstName310,LastName310,customer310@example.com,2024-08-29,Germany,2025-07-07 23:20:13
311,FirstName311,LastName311,customer311@example.com,2025-05-07,Germany,2025-07-07 23:20:13
312,FirstName312,LastName312,customer312@example.com,2023-12-20,USA,2025-07-07 23:20:13
313,FirstName313,LastName313,customer313@example.com,2023-10-30,USA,2025-07-07 23:20:13
314,FirstName314,LastName314,customer314@example.com,2024-03-05,Poland,2025-07-07 23:20:13
315,FirstName315,LastName315,customer315@example.com,2025-05-04,USA,2025-07-07 23:20:13
316,FirstName316,LastName316,customer316@example.com,2024-04-10,USA,2025-07-07 23:20:13
317,FirstName317,LastName317,customer317@example.com,2025-01-09,Poland,2025-07-07 23:20:13
318,FirstName318,LastName318,customer318@example.com,2024-08-06,Germany,2025-07-07 23:20:13
319,FirstName319,LastName319,customer319@example.com,2024-11-11,USA,2025-07-07 23:20:13
320,FirstName320,LastName320,customer320@example.com,2025-04-01,Germany,2025-07-07 23:20:13
321,FirstName321,LastName321,customer321@example.com,2024-02-10,Germany,2025-07-07 23:20:13
322,FirstName322,LastName322,customer322@example.com,2023-11-29,USA,2025-07-07 23:20:13
323,FirstName323,LastName323,customer323@example.com,2023-12-08,Poland,2025-07-07 23:20:13
324,FirstName324,LastName324,customer324@example.com,2024-09-17,Poland,2025-07-07 23:20:13
325,FirstName325,LastName325,customer325@example.com,2025-06-29,USA,2025-07-07 23:20:13
326,FirstName326,LastName326,customer326@example.com,2024-05-18,Poland,2025-07-07 23:20:13
327,FirstName327,LastName327,customer327@example.com,2024-09-30,Germany,2025-07-07 23:20:13
328,FirstName328,LastName328,,2024-02-25,USA,2025-07-07 23:20:13
329,FirstName329,LastName329,customer329@example.com,2024-06-26,Poland,2025-07-07 23:20:13
330,FirstName330,LastName330,,2024-12-08,USA,2025-07-07 23:20:13
331,FirstName331,LastName331,customer331@example.com,2023-10-28,Germany,2025-07-07 23:20:13
332,FirstName332,LastName332,customer332@example.com,2025-04-15,Germany,2025-07-07 23:20:13
333,FirstName333,LastName333,customer333@example.com,2023-10-17,Poland,2025-07-07 23:20:13
334,FirstName334,LastName334,customer334@example.com,2025-03-28,Poland,2025-07-07 23:20:13
335,FirstName335,LastName335,customer335@example.com,2024-09-05,USA,2025-07-07 23:20:13
336,FirstName336,LastName336,,2023-12-25,USA,2025-07-07 23:20:13
337,FirstName337,LastName337,customer337@example.com,2023-12-07,Poland,2025-07-07 23:20:13
338,FirstName338,LastName338,,2024-10-21,Poland,2025-07-07 23:20:13
339,FirstName339,LastName339,customer339@example.com,2024-10-23,Poland,2025-07-07 23:20:13
340,FirstName340,LastName340,customer340@example.com,2023-11-27,USA,2025-07-07 23:20:13
341,FirstName341,LastName341,customer341@example.com,2023-10-11,Poland,2025-07-07 23:20:13
342,FirstName342,LastName342,customer342@example.com,2024-11-07,USA,2025-07-07 23:20:13
343,FirstName343,LastName343,customer343@example.com,2025-01-21,USA,2025-07-07 23:20:13
344,FirstName344,LastName344,customer344@example.com,2023-07-17,Poland,2025-07-07 23:20:13
345,FirstName345,LastName345,customer345@example.com,2025-06-07,Poland,2025-07-07 23:20:13
346,FirstName346,LastName346,customer346@example.com,2024-10-13,Poland,2025-07-07 23:20:13
347,FirstName347,LastName347,customer347@example.com,2023-12-01,Germany,2025-07-07 23:20:13
348,FirstName348,LastName348,,2023-07-24,Poland,2025-07-07 23:20:13
349,FirstName349,LastName349,customer349@example.com,2025-04-20,Germany,2025-07-07 23:20:13
350,FirstName350,LastName350,customer350@example.com,2023-11-27,USA,2025-07-07 23:20:13
351,FirstName351,LastName351,customer351@example.com,2024-02-20,Poland,2025-07-07 23:20:13
352,FirstName352,LastName352,,2025-04-17,USA,2025-07-07 23:20:13
353,FirstName353,LastName353,customer353@example.com,2024-07-23,Germany,2025-07-07 23:20:13
354,FirstName354,LastName354,customer354@example.com,2024-06-08,Germany,2025-07-07 23:20:13
355,FirstName355,LastName355,,2024-11-23,USA,2025-07-07 23:20:13
356,FirstName356,LastName356,customer356@example.com,2023-07-16,Germany,2025-07-07 23:20:13
357,FirstName357,LastName357,,2025-03-13,Poland,2025-07-07 23:20:13
358,FirstName358,LastName358,customer358@example.com,2023-10-09,Germany,2025-07-07 23:20:13
359,FirstName359,LastName359,customer359@example.com,2025-07-04,Germany,2025-07-07 23:20:13
360,FirstName360,LastName360,customer360@example.com,2025-03-19,Poland,2025-07-07 23:20:13
361,FirstName361,LastName361,customer361@example.com,2024-01-02,USA,2025-07-07 23:20:13
362,FirstName362,LastName362,,2024-09-03,Germany,2025-07-07 23:20:13
363,FirstName363,LastName363,customer363@example.com,2025-04-21,Germany,2025-07-07 23:20:13
364,FirstName364,LastName364,customer364@example.com,2025-04-03,Germany,2025-07-07 23:20:13
365,FirstName365,LastName365,customer365@example.com,2024-10-03,Poland,2025-07-07 23:20:13
366,FirstName366,LastName366,customer366@example.com,2024-08-12,Poland,2025-07-07 23:20:13
367,FirstName367,LastName367,customer367@example.com,2023-12-07,USA,2025-07-07 23:20:13
368,FirstName368,LastName368,customer368@example.com,2024-08-21,Poland,2025-07-07 23:20:13
369,FirstName369,LastName369,customer369@example.com,2025-05-14,USA,2025-07-07 23:20:13
370,FirstName370,LastName370,customer370@example.com,2024-09-03,Germany,2025-07-07 23:20:13
371,FirstName371,LastName371,customer371@example.com,2024-02-04,Poland,2025-07-07 23:20:13
372,FirstName372,LastName372,customer372@example.com,2023-10-01,USA,2025-07-07 23:20:13
373,FirstName373,LastName373,customer373@example.com,2024-01-14,Germany,2025-07-07 23:20:13
374,FirstName374,LastName374,,2023-11-09,Poland,2025-07-07 23:20:13
375,FirstName375,LastName375,customer375@example.com,2024-11-20,Germany,2025-07-07 23:20:13
376,FirstName376,LastName376,customer376@example.com,2024-03-29,USA,2025-07-07 23:20:13
377,FirstName377,LastName377,customer377@example.com,2024-12-17,Poland,2025-07-07 23:20:13
378,FirstName378,LastName378,customer378@example.com,2024-03-22,Poland,2025-07-07 23:20:13
379,FirstName379,LastName379,customer379@example.com,2024-07-19,USA,2025-07-07 23:20:13
380,FirstName380,LastName380,customer380@example.com,2023-10-13,Germany,2025-07-07 23:20:13
381,FirstName381,LastName381,customer381@example.com,2024-01-24,Germany,2025-07-07 23:20:13
382,FirstName382,LastName382,customer382@example.com,2025-06-15,Germany,2025-07-07 23:20:13
383,FirstName383,LastName383,customer383@example.com,2023-09-10,Poland,2025-07-07 23:20:13
384,FirstName384,LastName384,customer384@example.com,2025-03-30,Germany,2025-07-07 23:20:13
385,FirstName385,LastName385,customer385@example.com,2025-01-01,Germany,2025-07-07 23:20:13
386,FirstName386,LastName386,customer386@example.com,2025-02-09,USA,2025-07-07 23:20:13
387,FirstName387,LastName387,customer387@example.com,2025-04-01,Germany,2025-07-07 23:20:13
388,FirstName388,LastName388,customer388@example.com,2024-08-01,USA,2025-07-07 23:20:13
389,FirstName389,LastName389,customer389@example.com,2025-05-03,Poland,2025-07-07 23:20:13
390,FirstName390,LastName390,customer390@example.com,2024-10-20,Germany,2025-07-07 23:20:13
391,FirstName391,LastName391,customer391@example.com,2025-03-23,USA,2025-07-07 23:20:13
392,FirstName392,LastName392,customer392@example.com,2023-07-13,Germany,2025-07-07 23:20:13
393,FirstName393,LastName393,customer393@example.com,2024-06-21,Germany,2025-07-07 23:20:13
394,FirstName394,LastName394,customer394@example.com,2023-12-02,Germany,2025-07-07 23:20:13
395,FirstName395,LastName395,customer395@example.com,2024-02-27,Germany,2025-07-07 23:20:13
396,FirstName396,LastName396,customer396@example.com,2024-09-21,USA,2025-07-07 23:20:13
397,FirstName397,LastName397,customer397@example.com,2024-05-10,Germany,2025-07-07 23:20:13
398,FirstName398,LastName398,,2024-05-18,Poland,2025-07-07 23:20:13
399,FirstName399,LastName399,customer399@example.com,2024-04-05,Germany,2025-07-07 23:20:13
400,FirstName400,LastName400,customer400@example.com,2023-09-22,Poland,2025-07-07 23:20:13
401,FirstName401,LastName401,customer401@example.com,2023-09-10,USA,2025-07-07 23:20:13
402,FirstName402,LastName402,customer402@example.com,2023-12-11,USA,2025-07-07 23:20:13
403,FirstName403,LastName403,customer403@example.com,2025-06-10,Germany,2025-07-07 23:20:13
404,FirstName404,LastName404,customer404@example.com,2023-07-29,USA,2025-07-07 23:20:13
405,FirstName405,LastName405,customer405@example.com,2023-08-07,USA,2025-07-07 23:20:13
406,FirstName406,LastName406,customer406@example.com,2024-08-28,USA,2025-07-07 23:20:13
407,FirstName407,LastName407,,2023-07-14,Germany,2025-07-07 23:20:13
408,FirstName408,LastName408,customer408@example.com,2024-11-21,Poland,2025-07-07 23:20:13
409,FirstName409,LastName409,customer409@example.com,2025-06-20,Poland,2025-07-07 23:20:13
410,FirstName410,LastName410,customer410@example.com,2024-08-30,USA,2025-07-07 23:20:13
411,FirstName411,LastName411,customer411@example.com,2023-12-02,USA,2025-07-07 23:20:13
412,FirstName412,LastName412,customer412@example.com,2023-09-07,USA,2025-07-07 23:20:13
413,FirstName413,LastName413,customer413@example.com,2024-10-31,USA,2025-07-07 23:20:13
414,FirstName414,LastName414,customer414@example.com,2025-05-24,Germany,2025-07-07 23:20:13
415,FirstName415,LastName415,customer415@example.com,2024-10-09,Poland,2025-07-07 23:20:13
416,FirstName416,LastName416,customer416@example.com,2024-05-14,Poland,2025-07-07 23:20:13
417,FirstName417,LastName417,customer417@example.com,2024-05-29,Poland,2025-07-07 23:20:13
418,FirstName418,LastName418,customer418@example.com,2023-09-17,USA,2025-07-07 23:20:13
419,FirstName419,LastName419,customer419@example.com,2025-05-22,USA,2025-07-07 23:20:13
420,FirstName420,LastName420,customer420@example.com,2024-09-13,Germany,2025-07-07 23:20:13
421,FirstName421,LastName421,customer421@example.com,2024-05-21,USA,2025-07-07 23:20:13
422,FirstName422,LastName422,customer422@example.com,2024-06-04,Germany,2025-07-07 23:20:13
423,FirstName423,LastName423,,2024-08-23,USA,2025-07-07 23:20:13
424,FirstName424,LastName424,customer424@example.com,2024-08-05,USA,2025-07-07 23:20:13
425,FirstName425,LastName425,customer425@example.com,2024-06-09,Poland,2025-07-07 23:20:13
426,FirstName426,LastName426,customer426@example.com,2025-02-11,Poland,2025-07-07 23:20:13
427,FirstName427,LastName427,customer427@example.com,2024-06-13,Poland,2025-07-07 23:20:13
428,FirstName428,LastName428,customer428@example.com,2025-04-18,Poland,2025-07-07 23:20:13
429,FirstName429,LastName429,customer429@example.com,2025-06-30,USA,2025-07-07 23:20:13
430,FirstName430,LastName430,customer430@example.com,2025-04-13,USA,2025-07-07 23:20:13
431,FirstName431,LastName431,customer431@example.com,2023-07-22,USA,2025-07-07 23:20:13
432,FirstName432,LastName432,customer432@example.com,2023-07-18,USA,2025-07-07 23:20:13
433,FirstName433,LastName433,customer433@example.com,2024-03-16,USA,2025-07-07 23:20:13
434,FirstName434,LastName434,customer434@example.com,2024-12-27,Germany,2025-07-07 23:20:13
435,FirstName435,LastName435,customer435@example.com,2024-01-10,Germany,2025-07-07 23:20:13
436,FirstName436,LastName436,customer436@example.com,2024-01-29,Poland,2025-07-07 23:20:13
437,FirstName437,LastName437,customer437@example.com,2025-06-24,Poland,2025-07-07 23:20:13
438,FirstName438,LastName438,customer438@example.com,2024-03-27,Poland,2025-07-07 23:20:13
439,FirstName439,LastName439,customer439@example.com,2024-09-24,Germany,2025-07-07 23:20:13
440,FirstName440,LastName440,customer440@example.com,2025-01-26,Poland,2025-07-07 23:20:13
441,FirstName441,LastName441,customer441@example.com,2023-09-19,USA,2025-07-07 23:20:13
442,FirstName442,LastName442,customer442@example.com,2023-10-18,Germany,2025-07-07 23:20:13
443,FirstName443,LastName443,customer443@example.com,2023-11-12,USA,2025-07-07 23:20:13
444,FirstName444,LastName444,customer444@example.com,2024-09-08,Germany,2025-07-07 23:20:13
445,FirstName445,LastName445,customer445@example.com,2023-07-30,Germany,2025-07-07 23:20:13
446,FirstName446,LastName446,customer446@example.com,2024-01-23,USA,2025-07-07 23:20:13
447,FirstName447,LastName447,customer447@example.com,2023-12-26,Poland,2025-07-07 23:20:13
448,FirstName448,LastName448,customer448@example.com,2024-04-19,Germany,2025-07-07 23:20:13
449,FirstName449,LastName449,customer449@example.com,2024-11-09,Poland,2025-07-07 23:20:13
450,FirstName450,LastName450,customer450@example.com,2024-08-18,Poland,2025-07-07 23:20:13
451,FirstName451,LastName451,customer451@example.com,2023-09-02,Germany,2025-07-07 23:20:13
452,FirstName452,LastName452,customer452@example.com,2024-04-03,USA,2025-07-07 23:20:13
453,FirstName453,LastName453,customer453@example.com,2024-04-11,USA,2025-07-07 23:20:13
454,FirstName454,LastName454,,2024-12-23,USA,2025-07-07 23:20:13
455,FirstName455,LastName455,customer455@example.com,2024-12-20,Germany,2025-07-07 23:20:13
456,FirstName456,LastName456,customer456@example.com,2024-09-16,USA,2025-07-07 23:20:13
457,FirstName457,LastName457,customer457@example.com,2023-10-04,Poland,2025-07-07 23:20:13
458,FirstName458,LastName458,customer458@example.com,2023-10-25,Poland,2025-07-07 23:20:13
459,FirstName459,LastName459,customer459@example.com,2024-11-20,Poland,2025-07-07 23:20:13
460,FirstName460,LastName460,customer460@example.com,2024-07-01,USA,2025-07-07 23:20:13
461,FirstName461,LastName461,customer461@example.com,2024-02-09,USA,2025-07-07 23:20:13
462,FirstName462,LastName462,customer462@example.com,2023-09-06,USA,2025-07-07 23:20:13
463,FirstName463,LastName463,customer463@example.com,2025-02-18,Poland,2025-07-07 23:20:13
464,FirstName464,LastName464,customer464@example.com,2025-01-05,USA,2025-07-07 23:20:13
465,FirstName465,LastName465,customer465@example.com,2024-07-12,Germany,2025-07-07 23:20:13
466,FirstName466,LastName466,customer466@example.com,2025-03-27,Germany,2025-07-07 23:20:13
467,FirstName467,LastName467,customer467@example.com,2023-08-09,Poland,2025-07-07 23:20:13
468,FirstName468,LastName468,customer468@example.com,2024-01-10,Poland,2025-07-07 23:20:13
469,FirstName469,LastName469,customer469@example.com,2024-10-20,USA,2025-07-07 23:20:13
470,FirstName470,LastName470,customer470@example.com,2023-07-20,Poland,2025-07-07 23:20:13
471,FirstName471,LastName471,,2024-08-28,Germany,2025-07-07 23:20:13
472,FirstName472,LastName472,customer472@example.com,2023-07-24,USA,2025-07-07 23:20:13
473,FirstName473,LastName473,customer473@example.com,2024-08-24,Germany,2025-07-07 23:20:13
474,FirstName474,LastName474,customer474@example.com,2024-12-24,Germany,2025-07-07 23:20:13
475,FirstName475,LastName475,customer475@example.com,2024-07-06,Germany,2025-07-07 23:20:13
476,FirstName476,LastName476,customer476@example.com,2025-03-03,Poland,2025-07-07 23:20:13
477,FirstName477,LastName477,customer477@example.com,2024-10-24,Germany,2025-07-07 23:20:13
478,FirstName478,LastName478,customer478@example.com,2025-06-26,Poland,2025-07-07 23:20:13
479,FirstName479,LastName479,customer479@example.com,2023-11-29,Germany,2025-07-07 23:20:13
480,FirstName480,LastName480,customer480@example.com,2023-11-04,USA,2025-07-07 23:20:13
481,FirstName481,LastName481,customer481@example.com,2024-07-18,Poland,2025-07-07 23:20:13
482,FirstName482,LastName482,customer482@example.com,2025-07-02,USA,2025-07-07 23:20:13
483,FirstName483,LastName483,customer483@example.com,2024-07-19,Poland,2025-07-07 23:20:13
484,FirstName484,LastName484,customer484@example.com,2024-04-23,USA,2025-07-07 23:20:13
485,FirstName485,LastName485,customer485@example.com,2023-11-16,USA,2025-07-07 23:20:13
486,FirstName486,LastName486,customer486@example.com,2023-08-08,Poland,2025-07-07 23:20:13
487,FirstName487,LastName487,customer487@example.com,2025-05-02,Poland,2025-07-07 23:20:13
488,FirstName488,LastName488,customer488@example.com,2025-06-28,Germany,2025-07-07 23:20:13
489,FirstName489,LastName489,customer489@example.com,2023-09-16,USA,2025-07-07 23:20:13
490,FirstName490,LastName490,customer490@example.com,2023-10-24,USA,2025-07-07 23:20:13
491,FirstName491,LastName491,customer491@example.com,2023-11-29,Germany,2025-07-07 23:20:13
492,FirstName492,LastName492,,2025-06-15,Germany,2025-07-07 23:20:13
493,FirstName493,LastName493,customer493@example.com,2025-06-04,USA,2025-07-07 23:20:13
494,FirstName494,LastName494,customer494@example.com,2023-09-29,Germany,2025-07-07 23:20:13
495,FirstName495,LastName495,customer495@example.com,2025-05-08,Germany,2025-07-07 23:20:13
496,FirstName496,LastName496,customer496@example.com,2025-01-07,USA,2025-07-07 23:20:13
497,FirstName497,LastName497,customer497@example.com,2024-03-12,Germany,2025-07-07 23:20:13
498,FirstName498,LastName498,customer498@example.com,2025-03-08,Germany,2025-07-07 23:20:13
499,FirstName499,LastName499,customer499@example.com,2023-08-16,USA,2025-07-07 23:20:13
500,FirstName500,LastName500,customer500@example.com,2023-10-28,USA,2025-07-07 23:20:13
501,FirstName501,LastName501,customer501@example.com,2023-09-11,Poland,2025-07-07 23:20:13
502,FirstName502,LastName502,customer502@example.com,2024-10-06,USA,2025-07-07 23:20:13
503,FirstName503,LastName503,customer503@example.com,2023-07-13,Poland,2025-07-07 23:20:13
504,FirstName504,LastName504,customer504@example.com,2024-10-24,Germany,2025-07-07 23:20:13
505,FirstName505,LastName505,customer505@example.com,2024-04-19,Germany,2025-07-07 23:20:13
506,FirstName506,LastName506,customer506@example.com,2024-01-06,USA,2025-07-07 23:20:13
507,FirstName507,LastName507,customer507@example.com,2024-05-29,Poland,2025-07-07 23:20:13
508,FirstName508,LastName508,customer508@example.com,2025-02-09,USA,2025-07-07 23:20:13
509,FirstName509,LastName509,customer509@example.com,2025-04-09,Poland,2025-07-07 23:20:13
510,FirstName510,LastName510,customer510@example.com,2023-08-29,USA,2025-07-07 23:20:13
511,FirstName511,LastName511,customer511@example.com,2025-02-14,Poland,2025-07-07 23:20:13
512,FirstName512,LastName512,,2023-12-16,USA,2025-07-07 23:20:13
513,FirstName513,LastName513,customer513@example.com,2023-11-19,Germany,2025-07-07 23:20:13
514,FirstName514,LastName514,customer514@example.com,2023-11-28,USA,2025-07-07 23:20:13
515,FirstName515,LastName515,customer515@example.com,2025-05-13,Poland,2025-07-07 23:20:13
516,FirstName516,LastName516,,2024-11-09,USA,2025-07-07 23:20:13
517,FirstName517,LastName517,customer517@example.com,2025-05-10,USA,2025-07-07 23:20:13
518,FirstName518,LastName518,customer518@example.com,2023-09-08,USA,2025-07-07 23:20:13
519,FirstName519,LastName519,customer519@example.com,2024-07-08,Poland,2025-07-07 23:20:13
520,FirstName520,LastName520,customer520@example.com,2024-04-21,Poland,2025-07-07 23:20:13
521,FirstName521,LastName521,customer521@example.com,2024-02-20,USA,2025-07-07 23:20:13
522,FirstName522,LastName522,customer522@example.com,2024-04-30,Poland,2025-07-07 23:20:13
523,FirstName523,LastName523,customer523@example.com,2024-02-13,Poland,2025-07-07 23:20:13
524,FirstName524,LastName524,customer524@example.com,2023-12-06,Germany,2025-07-07 23:20:13
525,FirstName525,LastName525,customer525@example.com,2025-07-01,Poland,2025-07-07 23:20:13
526,FirstName526,LastName526,customer526@example.com,2025-04-01,Germany,2025-07-07 23:20:13
527,FirstName527,LastName527,customer527@example.com,2025-06-03,Germany,2025-07-07 23:20:13
528,FirstName528,LastName528,customer528@example.com,2025-02-04,Poland,2025-07-07 23:20:13
529,FirstName529,LastName529,,2025-01-18,Poland,2025-07-07 23:20:13
530,FirstName530,LastName530,customer530@example.com,2024-04-15,USA,2025-07-07 23:20:13
531,FirstName531,LastName531,customer531@example.com,2025-02-22,Poland,2025-07-07 23:20:13
532,FirstName532,LastName532,customer532@example.com,2024-02-02,USA,2025-07-07 23:20:13
533,FirstName533,LastName533,customer533@example.com,2025-01-20,Germany,2025-07-07 23:20:13
534,FirstName534,LastName534,customer534@example.com,2025-07-01,USA,2025-07-07 23:20:13
535,FirstName535,LastName535,customer535@example.com,2025-02-26,Germany,2025-07-07 23:20:13
536,FirstName536,LastName536,,2023-08-09,Poland,2025-07-07 23:20:13
537,FirstName537,LastName537,customer537@example.com,2024-03-26,Germany,2025-07-07 23:20:13
538,FirstName538,LastName538,customer538@example.com,2024-07-25,Germany,2025-07-07 23:20:13
539,FirstName539,LastName539,customer539@example.com,2024-08-11,USA,2025-07-07 23:20:13
540,FirstName540,LastName540,customer540@example.com,2024-11-20,Poland,2025-07-07 23:20:13
541,FirstName541,LastName541,customer541@example.com,2024-10-11,USA,2025-07-07 23:20:13
542,FirstName542,LastName542,customer542@example.com,2024-05-21,USA,2025-07-07 23:20:13
543,FirstName543,LastName543,,2023-10-02,USA,2025-07-07 23:20:13
544,FirstName544,LastName544,customer544@example.com,2024-05-29,Germany,2025-07-07 23:20:13
545,FirstName545,LastName545,customer545@example.com,2025-06-19,Poland,2025-07-07 23:20:13
546,FirstName546,LastName546,,2023-11-24,Germany,2025-07-07 23:20:13
547,FirstName547,LastName547,customer547@example.com,2024-04-28,Germany,2025-07-07 23:20:13
548,FirstName548,LastName548,customer548@example.com,2024-10-30,Poland,2025-07-07 23:20:13
549,FirstName549,LastName549,customer549@example.com,2023-08-04,Germany,2025-07-07 23:20:13
550,FirstName550,LastName550,customer550@example.com,2023-08-20,Poland,2025-07-07 23:20:13
551,FirstName551,LastName551,customer551@example.com,2024-02-12,Germany,2025-07-07 23:20:13
552,FirstName552,LastName552,customer552@example.com,2023-09-08,USA,2025-07-07 23:20:13
553,FirstName553,LastName553,customer553@example.com,2023-07-10,Poland,2025-07-07 23:20:13
554,FirstName554,LastName554,customer554@example.com,2023-09-18,Germany,2025-07-07 23:20:13
555,FirstName555,LastName555,,2024-06-15,USA,2025-07-07 23:20:13
556,FirstName556,LastName556,customer556@example.com,2025-05-18,Poland,2025-07-07 23:20:13
557,FirstName557,LastName557,customer557@example.com,2023-12-18,Poland,2025-07-07 23:20:13
558,FirstName558,LastName558,customer558@example.com,2025-06-15,Germany,2025-07-07 23:20:13
559,FirstName559,LastName559,customer559@example.com,2024-09-10,Poland,2025-07-07 23:20:13
560,FirstName560,LastName560,customer560@example.com,2025-06-14,Germany,2025-07-07 23:20:13
561,FirstName561,LastName561,customer561@example.com,2024-01-30,USA,2025-07-07 23:20:13
562,FirstName562,LastName562,customer562@example.com,2024-09-01,Germany,2025-07-07 23:20:13
563,FirstName563,LastName563,customer563@example.com,2025-05-08,USA,2025-07-07 23:20:13
564,FirstName564,LastName564,customer564@example.com,2025-04-02,USA,2025-07-07 23:20:13
565,FirstName565,LastName565,customer565@example.com,2025-04-07,Poland,2025-07-07 23:20:13
566,FirstName566,LastName566,customer566@example.com,2023-07-17,Germany,2025-07-07 23:20:13
567,FirstName567,LastName567,customer567@example.com,2024-08-02,USA,2025-07-07 23:20:13
568,FirstName568,LastName568,customer568@example.com,2024-05-09,USA,2025-07-07 23:20:13
569,FirstName569,LastName569,customer569@example.com,2025-03-02,USA,2025-07-07 23:20:13
570,FirstName570,LastName570,customer570@example.com,2024-10-22,Germany,2025-07-07 23:20:13
571,FirstName571,LastName571,customer571@example.com,2024-10-02,Poland,2025-07-07 23:20:13
572,FirstName572,LastName572,customer572@example.com,2025-05-18,Poland,2025-07-07 23:20:13
573,FirstName573,LastName573,customer573@example.com,2025-02-11,USA,2025-07-07 23:20:13
574,FirstName574,LastName574,customer574@example.com,2025-01-05,USA,2025-07-07 23:20:13
575,FirstName575,LastName575,customer575@example.com,2025-01-23,Germany,2025-07-07 23:20:13
576,FirstName576,LastName576,customer576@example.com,2025-02-02,USA,2025-07-07 23:20:13
577,FirstName577,LastName577,customer577@example.com,2025-04-25,Germany,2025-07-07 23:20:13
578,FirstName578,LastName578,customer578@example.com,2023-09-21,Poland,2025-07-07 23:20:13
579,FirstName579,LastName579,customer579@example.com,2024-09-11,USA,2025-07-07 23:20:13
580,FirstName580,LastName580,,2024-11-04,USA,2025-07-07 23:20:13
581,FirstName581,LastName581,customer581@example.com,2024-11-03,Poland,2025-07-07 23:20:13
582,FirstName582,LastName582,customer582@example.com,2023-12-25,USA,2025-07-07 23:20:13
583,FirstName583,LastName583,customer583@example.com,2023-10-07,Poland,2025-07-07 23:20:13
584,FirstName584,LastName584,customer584@example.com,2025-06-30,USA,2025-07-07 23:20:13
585,FirstName585,LastName585,customer585@example.com,2025-03-23,USA,2025-07-07 23:20:13
586,FirstName586,LastName586,,2024-03-11,Germany,2025-07-07 23:20:13
587,FirstName587,LastName587,customer587@example.com,2025-05-16,Germany,2025-07-07 23:20:13
588,FirstName588,LastName588,customer588@example.com,2023-07-23,Poland,2025-07-07 23:20:13
589,FirstName589,LastName589,customer589@example.com,2025-05-28,Germany,2025-07-07 23:20:13
590,FirstName590,LastName590,customer590@example.com,2024-04-02,Poland,2025-07-07 23:20:13
591,FirstName591,LastName591,customer591@example.com,2024-05-04,Poland,2025-07-07 23:20:13
592,FirstName592,LastName592,,2024-02-03,USA,2025-07-07 23:20:13
593,FirstName593,LastName593,customer593@example.com,2024-11-08,USA,2025-07-07 23:20:13
594,FirstName594,LastName594,customer594@example.com,2023-12-12,USA,2025-07-07 23:20:13
595,FirstName595,LastName595,customer595@example.com,2024-07-13,Poland,2025-07-07 23:20:13
596,FirstName596,LastName596,customer596@example.com,2025-05-12,Germany,2025-07-07 23:20:13
597,FirstName597,LastName597,customer597@example.com,2024-07-14,Germany,2025-07-07 23:20:13
598,FirstName598,LastName598,customer598@example.com,2024-09-22,Germany,2025-07-07 23:20:13
599,FirstName599,LastName599,customer599@example.com,2025-03-20,USA,2025-07-07 23:20:13
600,FirstName600,LastName600,customer600@example.com,2023-07-28,Germany,2025-07-07 23:20:13
601,FirstName601,LastName601,customer601@example.com,2024-03-03,Poland,2025-07-07 23:20:13
602,FirstName602,LastName602,customer602@example.com,2025-03-29,Poland,2025-07-07 23:20:13
603,FirstName603,LastName603,customer603@example.com,2025-01-22,Germany,2025-07-07 23:20:13
604,FirstName604,LastName604,customer604@example.com,2024-06-18,Germany,2025-07-07 23:20:13
605,FirstName605,LastName605,customer605@example.com,2023-09-16,Germany,2025-07-07 23:20:13
606,FirstName606,LastName606,,2024-08-06,USA,2025-07-07 23:20:13
607,FirstName607,LastName607,customer607@example.com,2023-08-05,USA,2025-07-07 23:20:13
608,FirstName608,LastName608,customer608@example.com,2024-04-07,Germany,2025-07-07 23:20:13
609,FirstName609,LastName609,customer609@example.com,2025-01-29,USA,2025-07-07 23:20:13
610,FirstName610,LastName610,customer610@example.com,2023-11-03,Poland,2025-07-07 23:20:13
611,FirstName611,LastName611,customer611@example.com,2023-08-16,Poland,2025-07-07 23:20:13
612,FirstName612,LastName612,customer612@example.com,2023-12-29,Poland,2025-07-07 23:20:13
613,FirstName613,LastName613,customer613@example.com,2024-07-25,USA,2025-07-07 23:20:13
614,FirstName614,LastName614,customer614@example.com,2024-01-05,Germany,2025-07-07 23:20:13
615,FirstName615,LastName615,customer615@example.com,2025-06-10,Poland,2025-07-07 23:20:13
616,FirstName616,LastName616,customer616@example.com,2024-06-05,Germany,2025-07-07 23:20:13
617,FirstName617,LastName617,customer617@example.com,2023-12-08,USA,2025-07-07 23:20:13
618,FirstName618,LastName618,customer618@example.com,2023-09-04,Poland,2025-07-07 23:20:13
619,FirstName619,LastName619,,2024-03-26,Poland,2025-07-07 23:20:13
620,FirstName620,LastName620,customer620@example.com,2025-01-28,Poland,2025-07-07 23:20:13
621,FirstName621,LastName621,customer621@example.com,2024-06-05,Poland,2025-07-07 23:20:13
622,FirstName622,LastName622,customer622@example.com,2024-11-19,Poland,2025-07-07 23:20:13
623,FirstName623,LastName623,customer623@example.com,2025-04-29,Germany,2025-07-07 23:20:13
624,FirstName624,LastName624,customer624@example.com,2023-12-14,Poland,2025-07-07 23:20:13
625,FirstName625,LastName625,customer625@example.com,2025-01-24,Poland,2025-07-07 23:20:13
626,FirstName626,LastName626,customer626@example.com,2025-03-30,Germany,2025-07-07 23:20:13
627,FirstName627,LastName627,customer627@example.com,2024-01-01,USA,2025-07-07 23:20:13
628,FirstName628,LastName628,customer628@example.com,2023-08-21,USA,2025-07-07 23:20:13
629,FirstName629,LastName629,,2023-08-18,Germany,2025-07-07 23:20:13
630,FirstName630,LastName630,customer630@example.com,2023-10-06,USA,2025-07-07 23:20:13
631,FirstName631,LastName631,customer631@example.com,2023-09-30,Poland,2025-07-07 23:20:13
632,FirstName632,LastName632,customer632@example.com,2025-06-15,Germany,2025-07-07 23:20:13
633,FirstName633,LastName633,customer633@example.com,2023-07-25,USA,2025-07-07 23:20:13
634,FirstName634,LastName634,customer634@example.com,2025-02-20,Germany,2025-07-07 23:20:13
635,FirstName635,LastName635,,2024-04-14,Germany,2025-07-07 23:20:13
636,FirstName636,LastName636,customer636@example.com,2023-11-27,USA,2025-07-07 23:20:13
637,FirstName637,LastName637,,2024-05-14,Germany,2025-07-07 23:20:13
638,FirstName638,LastName638,customer638@example.com,2023-08-28,USA,2025-07-07 23:20:13
639,FirstName639,LastName639,customer639@example.com,2024-05-22,Poland,2025-07-07 23:20:13
640,FirstName640,LastName640,customer640@example.com,2024-02-10,Poland,2025-07-07 23:20:13
641,FirstName641,LastName641,customer641@example.com,2024-04-16,Poland,2025-07-07 23:20:13
642,FirstName642,LastName642,customer642@example.com,2025-01-14,USA,2025-07-07 23:20:13
643,FirstName643,LastName643,customer643@example.com,2025-06-21,Poland,2025-07-07 23:20:13
644,FirstName644,LastName644,customer644@example.com,2024-08-29,USA,2025-07-07 23:20:13
645,FirstName645,LastName645,customer645@example.com,2024-04-18,USA,2025-07-07 23:20:13
646,FirstName646,LastName646,customer646@example.com,2025-05-09,Germany,2025-07-07 23:20:13
647,FirstName647,LastName647,customer647@example.com,2023-09-01,USA,2025-07-07 23:20:13
648,FirstName648,LastName648,customer648@example.com,2023-08-06,Poland,2025-07-07 23:20:13
649,FirstName649,LastName649,customer649@example.com,2023-10-01,USA,2025-07-07 23:20:13
650,FirstName650,LastName650,customer650@example.com,2024-04-20,Germany,2025-07-07 23:20:13
651,FirstName651,LastName651,customer651@example.com,2024-02-27,USA,2025-07-07 23:20:13
652,FirstName652,LastName652,customer652@example.com,2024-11-18,Germany,2025-07-07 23:20:13
653,FirstName653,LastName653,,2023-07-11,USA,2025-07-07 23:20:13
654,FirstName654,LastName654,customer654@example.com,2025-03-30,USA,2025-07-07 23:20:13
655,FirstName655,LastName655,customer655@example.com,2024-01-21,USA,2025-07-07 23:20:13
656,FirstName656,LastName656,customer656@example.com,2024-08-31,Germany,2025-07-07 23:20:13
657,FirstName657,LastName657,customer657@example.com,2025-04-22,Germany,2025-07-07 23:20:13
658,FirstName658,LastName658,customer658@example.com,2024-10-25,Poland,2025-07-07 23:20:13
659,FirstName659,LastName659,,2025-02-01,Poland,2025-07-07 23:20:13
660,FirstName660,LastName660,customer660@example.com,2025-01-04,Germany,2025-07-07 23:20:13
661,FirstName661,LastName661,,2024-10-12,Poland,2025-07-07 23:20:13
662,FirstName662,LastName662,customer662@example.com,2025-03-06,Poland,2025-07-07 23:20:13
663,FirstName663,LastName663,customer663@example.com,2024-07-08,Germany,2025-07-07 23:20:13
664,FirstName664,LastName664,customer664@example.com,2023-07-25,Germany,2025-07-07 23:20:13
665,FirstName665,LastName665,customer665@example.com,2024-06-29,Poland,2025-07-07 23:20:13
666,FirstName666,LastName666,customer666@example.com,2024-09-03,USA,2025-07-07 23:20:13
667,FirstName667,LastName667,,2024-03-18,Germany,2025-07-07 23:20:13
668,FirstName668,LastName668,customer668@example.com,2025-02-13,Germany,2025-07-07 23:20:13
669,FirstName669,LastName669,customer669@example.com,2025-01-19,USA,2025-07-07 23:20:13
670,FirstName670,LastName670,customer670@example.com,2025-02-06,USA,2025-07-07 23:20:13
671,FirstName671,LastName671,,2025-03-16,USA,2025-07-07 23:20:13
672,FirstName672,LastName672,customer672@example.com,2024-08-05,USA,2025-07-07 23:20:13
673,FirstName673,LastName673,customer673@example.com,2024-04-16,Poland,2025-07-07 23:20:13
674,FirstName674,LastName674,customer674@example.com,2024-04-09,Poland,2025-07-07 23:20:13
675,FirstName675,LastName675,customer675@example.com,2023-12-13,Poland,2025-07-07 23:20:13
676,FirstName676,LastName676,customer676@example.com,2023-10-28,USA,2025-07-07 23:20:13
677,FirstName677,LastName677,customer677@example.com,2024-11-28,Germany,2025-07-07 23:20:13
678,FirstName678,LastName678,customer678@example.com,2025-04-26,Poland,2025-07-07 23:20:13
679,FirstName679,LastName679,customer679@example.com,2024-07-28,Poland,2025-07-07 23:20:13
680,FirstName680,LastName680,customer680@example.com,2024-08-19,USA,2025-07-07 23:20:13
681,FirstName681,LastName681,customer681@example.com,2024-07-22,USA,2025-07-07 23:20:13
682,FirstName682,LastName682,,2023-11-19,Poland,2025-07-07 23:20:13
683,FirstName683,LastName683,customer683@example.com,2024-03-28,Poland,2025-07-07 23:20:13
684,FirstName684,LastName684,customer684@example.com,2024-09-27,Germany,2025-07-07 23:20:13
685,FirstName685,LastName685,,2024-03-20,Germany,2025-07-07 23:20:13
686,FirstName686,LastName686,customer686@example.com,2023-08-17,Germany,2025-07-07 23:20:13
687,FirstName687,LastName687,customer687@example.com,2024-05-11,Poland,2025-07-07 23:20:13
688,FirstName688,LastName688,customer688@example.com,2024-12-08,Poland,2025-07-07 23:20:13
689,FirstName689,LastName689,customer689@example.com,2024-10-27,USA,2025-07-07 23:20:13
690,FirstName690,LastName690,customer690@example.com,2025-06-18,Poland,2025-07-07 23:20:13
691,FirstName691,LastName691,customer691@example.com,2024-09-09,USA,2025-07-07 23:20:13
692,FirstName692,LastName692,customer692@example.com,2023-09-08,USA,2025-07-07 23:20:13
693,FirstName693,LastName693,customer693@example.com,2024-02-02,Germany,2025-07-07 23:20:13
694,FirstName694,LastName694,customer694@example.com,2024-02-20,Germany,2025-07-07 23:20:13
695,FirstName695,LastName695,customer695@example.com,2025-05-08,USA,2025-07-07 23:20:13
696,FirstName696,LastName696,customer696@example.com,2025-06-14,Germany,2025-07-07 23:20:13
697,FirstName697,LastName697,customer697@example.com,2023-12-28,Poland,2025-07-07 23:20:13
698,FirstName698,LastName698,customer698@example.com,2024-07-03,USA,2025-07-07 23:20:13
699,FirstName699,LastName699,customer699@example.com,2023-09-20,Poland,2025-07-07 23:20:13
700,FirstName700,LastName700,customer700@example.com,2025-04-08,Germany,2025-07-07 23:20:13
701,FirstName701,LastName701,customer701@example.com,2024-10-04,Germany,2025-07-07 23:20:13
702,FirstName702,LastName702,customer702@example.com,2025-05-13,USA,2025-07-07 23:20:13
703,FirstName703,LastName703,customer703@example.com,2024-06-19,Germany,2025-07-07 23:20:13
704,FirstName704,LastName704,customer704@example.com,2023-09-02,Poland,2025-07-07 23:20:13
705,FirstName705,LastName705,customer705@example.com,2023-07-09,Poland,2025-07-07 23:20:13
706,FirstName706,LastName706,customer706@example.com,2023-11-09,Poland,2025-07-07 23:20:13
707,FirstName707,LastName707,customer707@example.com,2024-09-11,USA,2025-07-07 23:20:13
708,FirstName708,LastName708,,2023-12-26,USA,2025-07-07 23:20:13
709,FirstName709,LastName709,customer709@example.com,2025-05-29,Poland,2025-07-07 23:20:13
710,FirstName710,LastName710,customer710@example.com,2024-05-18,Poland,2025-07-07 23:20:13
711,FirstName711,LastName711,customer711@example.com,2023-10-14,USA,2025-07-07 23:20:13
712,FirstName712,LastName712,customer712@example.com,2023-12-30,USA,2025-07-07 23:20:13
713,FirstName713,LastName713,,2024-12-02,Poland,2025-07-07 23:20:13
714,FirstName714,LastName714,,2024-03-31,USA,2025-07-07 23:20:13
715,FirstName715,LastName715,customer715@example.com,2023-08-26,Germany,2025-07-07 23:20:13
716,FirstName716,LastName716,customer716@example.com,2023-11-11,Poland,2025-07-07 23:20:13
717,FirstName717,LastName717,customer717@example.com,2023-09-02,Germany,2025-07-07 23:20:13
718,FirstName718,LastName718,customer718@example.com,2024-10-06,Germany,2025-07-07 23:20:13
719,FirstName719,LastName719,,2023-07-10,Germany,2025-07-07 23:20:13
720,FirstName720,LastName720,customer720@example.com,2024-06-21,USA,2025-07-07 23:20:13
721,FirstName721,LastName721,customer721@example.com,2023-12-01,Poland,2025-07-07 23:20:13
722,FirstName722,LastName722,customer722@example.com,2024-05-08,USA,2025-07-07 23:20:13
723,FirstName723,LastName723,customer723@example.com,2024-08-26,USA,2025-07-07 23:20:13
724,FirstName724,LastName724,customer724@example.com,2023-08-08,Poland,2025-07-07 23:20:13
725,FirstName725,LastName725,customer725@example.com,2025-01-17,USA,2025-07-07 23:20:13
726,FirstName726,LastName726,customer726@example.com,2025-06-04,Germany,2025-07-07 23:20:13
727,FirstName727,LastName727,customer727@example.com,2023-08-21,USA,2025-07-07 23:20:13
728,FirstName728,LastName728,customer728@example.com,2024-11-06,Poland,2025-07-07 23:20:13
729,FirstName729,LastName729,customer729@example.com,2025-03-08,Germany,2025-07-07 23:20:13
730,FirstName730,LastName730,customer730@example.com,2023-07-16,USA,2025-07-07 23:20:13
731,FirstName731,LastName731,customer731@example.com,2023-07-27,Poland,2025-07-07 23:20:13
732,FirstName732,LastName732,customer732@example.com,2024-08-23,Germany,2025-07-07 23:20:13
733,FirstName733,LastName733,customer733@example.com,2025-05-18,USA,2025-07-07 23:20:13
734,FirstName734,LastName734,customer734@example.com,2023-09-19,Germany,2025-07-07 23:20:13
735,FirstName735,LastName735,customer735@example.com,2024-02-01,Germany,2025-07-07 23:20:13
736,FirstName736,LastName736,,2024-01-02,Poland,2025-07-07 23:20:13
737,FirstName737,LastName737,customer737@example.com,2025-06-11,Poland,2025-07-07 23:20:13
738,FirstName738,LastName738,customer738@example.com,2025-03-20,Germany,2025-07-07 23:20:13
739,FirstName739,LastName739,customer739@example.com,2024-01-28,Germany,2025-07-07 23:20:13
740,FirstName740,LastName740,customer740@example.com,2023-12-12,Poland,2025-07-07 23:20:13
741,FirstName741,LastName741,customer741@example.com,2024-02-06,Poland,2025-07-07 23:20:13
742,FirstName742,LastName742,customer742@example.com,2024-03-11,Poland,2025-07-07 23:20:13
743,FirstName743,LastName743,customer743@example.com,2025-04-06,USA,2025-07-07 23:20:13
744,FirstName744,LastName744,customer744@example.com,2024-06-05,Germany,2025-07-07 23:20:13
745,FirstName745,LastName745,customer745@example.com,2024-05-30,USA,2025-07-07 23:20:13
746,FirstName746,LastName746,customer746@example.com,2024-10-12,Germany,2025-07-07 23:20:13
747,FirstName747,LastName747,customer747@example.com,2023-09-04,Germany,2025-07-07 23:20:13
748,FirstName748,LastName748,customer748@example.com,2025-06-22,Germany,2025-07-07 23:20:13
749,FirstName749,LastName749,customer749@example.com,2024-12-28,USA,2025-07-07 23:20:13
750,FirstName750,LastName750,customer750@example.com,2025-05-24,USA,2025-07-07 23:20:13
751,FirstName751,LastName751,customer751@example.com,2024-12-11,Germany,2025-07-07 23:20:13
752,FirstName752,LastName752,customer752@example.com,2025-05-13,Germany,2025-07-07 23:20:13
753,FirstName753,LastName753,customer753@example.com,2025-03-23,Poland,2025-07-07 23:20:13
754,FirstName754,LastName754,customer754@example.com,2025-07-03,Germany,2025-07-07 23:20:13
755,FirstName755,LastName755,customer755@example.com,2024-04-12,Poland,2025-07-07 23:20:13
756,FirstName756,LastName756,customer756@example.com,2024-11-03,Germany,2025-07-07 23:20:13
757,FirstName757,LastName757,customer757@example.com,2024-10-23,USA,2025-07-07 23:20:13
758,FirstName758,LastName758,customer758@example.com,2025-01-07,USA,2025-07-07 23:20:13
759,FirstName759,LastName759,customer759@example.com,2025-06-29,Germany,2025-07-07 23:20:13
760,FirstName760,LastName760,customer760@example.com,2023-12-05,Poland,2025-07-07 23:20:13
761,FirstName761,LastName761,customer761@example.com,2024-02-12,USA,2025-07-07 23:20:13
762,FirstName762,LastName762,customer762@example.com,2025-01-06,Poland,2025-07-07 23:20:13
763,FirstName763,LastName763,customer763@example.com,2025-03-21,Poland,2025-07-07 23:20:13
764,FirstName764,LastName764,customer764@example.com,2023-09-18,USA,2025-07-07 23:20:13
765,FirstName765,LastName765,customer765@example.com,2024-04-27,Germany,2025-07-07 23:20:13
766,FirstName766,LastName766,,2023-10-04,USA,2025-07-07 23:20:13
767,FirstName767,LastName767,customer767@example.com,2023-10-05,USA,2025-07-07 23:20:13
768,FirstName768,LastName768,customer768@example.com,2024-06-24,USA,2025-07-07 23:20:13
769,FirstName769,LastName769,customer769@example.com,2023-12-31,Germany,2025-07-07 23:20:13
770,FirstName770,LastName770,customer770@example.com,2025-07-06,Germany,2025-07-07 23:20:13
771,FirstName771,LastName771,,2023-08-12,Poland,2025-07-07 23:20:13
772,FirstName772,LastName772,customer772@example.com,2024-04-07,USA,2025-07-07 23:20:13
773,FirstName773,LastName773,customer773@example.com,2024-02-12,Germany,2025-07-07 23:20:13
774,FirstName774,LastName774,,2023-08-15,Germany,2025-07-07 23:20:13
775,FirstName775,LastName775,customer775@example.com,2024-08-15,Poland,2025-07-07 23:20:13
776,FirstName776,LastName776,customer776@example.com,2024-04-13,USA,2025-07-07 23:20:13
777,FirstName777,LastName777,customer777@example.com,2023-10-03,Poland,2025-07-07 23:20:13
778,FirstName778,LastName778,customer778@example.com,2024-12-26,Germany,2025-07-07 23:20:13
779,FirstName779,LastName779,customer779@example.com,2025-06-07,Poland,2025-07-07 23:20:13
780,FirstName780,LastName780,customer780@example.com,2023-09-08,Poland,2025-07-07 23:20:13
781,FirstName781,LastName781,customer781@example.com,2025-04-28,Germany,2025-07-07 23:20:13
782,FirstName782,LastName782,customer782@example.com,2025-05-28,USA,2025-07-07 23:20:13
783,FirstName783,LastName783,customer783@example.com,2025-03-24,Germany,2025-07-07 23:20:13
784,FirstName784,LastName784,customer784@example.com,2024-08-05,Germany,2025-07-07 23:20:13
785,FirstName785,LastName785,,2024-10-24,USA,2025-07-07 23:20:13
786,FirstName786,LastName786,customer786@example.com,2024-08-21,Germany,2025-07-07 23:20:13
787,FirstName787,LastName787,customer787@example.com,2024-02-26,Poland,2025-07-07 23:20:13
788,FirstName788,LastName788,,2024-05-19,Poland,2025-07-07 23:20:13
789,FirstName789,LastName789,customer789@example.com,2023-08-18,Poland,2025-07-07 23:20:13
790,FirstName790,LastName790,customer790@example.com,2024-03-16,Poland,2025-07-07 23:20:13
791,FirstName791,LastName791,customer791@example.com,2025-01-30,Germany,2025-07-07 23:20:13
792,FirstName792,LastName792,customer792@example.com,2025-05-04,Poland,2025-07-07 23:20:13
793,FirstName793,LastName793,customer793@example.com,2023-08-20,USA,2025-07-07 23:20:13
794,FirstName794,LastName794,,2023-12-13,USA,2025-07-07 23:20:13
795,FirstName795,LastName795,customer795@example.com,2024-05-18,Germany,2025-07-07 23:20:13
796,FirstName796,LastName796,customer796@example.com,2024-02-09,Poland,2025-07-07 23:20:13
797,FirstName797,LastName797,customer797@example.com,2025-01-25,Poland,2025-07-07 23:20:13
798,FirstName798,LastName798,customer798@example.com,2024-12-16,Poland,2025-07-07 23:20:13
799,FirstName799,LastName799,customer799@example.com,2024-05-04,USA,2025-07-07 23:20:13
800,FirstName800,LastName800,customer800@example.com,2024-03-19,Germany,2025-07-07 23:20:13
801,FirstName801,LastName801,customer801@example.com,2024-06-03,Poland,2025-07-07 23:20:13
802,FirstName802,LastName802,customer802@example.com,2025-01-13,Germany,2025-07-07 23:20:13
803,FirstName803,LastName803,customer803@example.com,2023-09-22,Germany,2025-07-07 23:20:13
804,FirstName804,LastName804,customer804@example.com,2025-04-12,Germany,2025-07-07 23:20:13
805,FirstName805,LastName805,customer805@example.com,2023-10-15,USA,2025-07-07 23:20:13
806,FirstName806,LastName806,,2023-08-08,USA,2025-07-07 23:20:13
807,FirstName807,LastName807,customer807@example.com,2023-11-20,Germany,2025-07-07 23:20:13
808,FirstName808,LastName808,customer808@example.com,2024-09-22,USA,2025-07-07 23:20:13
809,FirstName809,LastName809,customer809@example.com,2024-10-19,Germany,2025-07-07 23:20:13
810,FirstName810,LastName810,customer810@example.com,2023-10-30,USA,2025-07-07 23:20:13
811,FirstName811,LastName811,customer811@example.com,2023-11-01,Poland,2025-07-07 23:20:13
812,FirstName812,LastName812,customer812@example.com,2025-04-24,Poland,2025-07-07 23:20:13
813,FirstName813,LastName813,customer813@example.com,2025-02-05,USA,2025-07-07 23:20:13
814,FirstName814,LastName814,customer814@example.com,2023-09-18,USA,2025-07-07 23:20:13
815,FirstName815,LastName815,customer815@example.com,2023-12-28,Germany,2025-07-07 23:20:13
816,FirstName816,LastName816,customer816@example.com,2024-03-10,USA,2025-07-07 23:20:13
817,FirstName817,LastName817,customer817@example.com,2025-03-12,Poland,2025-07-07 23:20:13
818,FirstName818,LastName818,customer818@example.com,2025-06-06,USA,2025-07-07 23:20:13
819,FirstName819,LastName819,customer819@example.com,2023-10-20,Poland,2025-07-07 23:20:13
820,FirstName820,LastName820,customer820@example.com,2024-10-30,USA,2025-07-07 23:20:13
821,FirstName821,LastName821,customer821@example.com,2024-12-30,Germany,2025-07-07 23:20:13
822,FirstName822,LastName822,customer822@example.com,2024-09-30,USA,2025-07-07 23:20:13
823,FirstName823,LastName823,customer823@example.com,2024-11-02,Poland,2025-07-07 23:20:13
824,FirstName824,LastName824,customer824@example.com,2024-06-26,Poland,2025-07-07 23:20:13
825,FirstName825,LastName825,customer825@example.com,2024-06-02,Germany,2025-07-07 23:20:13
826,FirstName826,LastName826,customer826@example.com,2025-04-18,USA,2025-07-07 23:20:13
827,FirstName827,LastName827,customer827@example.com,2024-12-03,USA,2025-07-07 23:20:13
828,FirstName828,LastName828,customer828@example.com,2024-03-24,Germany,2025-07-07 23:20:13
829,FirstName829,LastName829,,2024-12-04,USA,2025-07-07 23:20:13
830,FirstName830,LastName830,customer830@example.com,2023-10-27,Germany,2025-07-07 23:20:13
831,FirstName831,LastName831,customer831@example.com,2024-11-30,Germany,2025-07-07 23:20:13
832,FirstName832,LastName832,customer832@example.com,2023-12-25,USA,2025-07-07 23:20:13
833,FirstName833,LastName833,customer833@example.com,2024-06-30,Poland,2025-07-07 23:20:13
834,FirstName834,LastName834,customer834@example.com,2025-01-29,USA,2025-07-07 23:20:13
835,FirstName835,LastName835,customer835@example.com,2024-06-09,Germany,2025-07-07 23:20:13
836,FirstName836,LastName836,,2024-12-20,USA,2025-07-07 23:20:13
837,FirstName837,LastName837,customer837@example.com,2025-06-13,Germany,2025-07-07 23:20:13
838,FirstName838,LastName838,customer838@example.com,2025-06-18,Poland,2025-07-07 23:20:13
839,FirstName839,LastName839,customer839@example.com,2024-01-26,Germany,2025-07-07 23:20:13
840,FirstName840,LastName840,customer840@example.com,2025-06-01,Poland,2025-07-07 23:20:13
841,FirstName841,LastName841,customer841@example.com,2024-10-20,USA,2025-07-07 23:20:13
842,FirstName842,LastName842,customer842@example.com,2024-06-22,USA,2025-07-07 23:20:13
843,FirstName843,LastName843,customer843@example.com,2025-02-15,Poland,2025-07-07 23:20:13
844,FirstName844,LastName844,customer844@example.com,2024-10-03,Poland,2025-07-07 23:20:13
845,FirstName845,LastName845,customer845@example.com,2023-09-22,Germany,2025-07-07 23:20:13
846,FirstName846,LastName846,customer846@example.com,2023-10-09,Poland,2025-07-07 23:20:13
847,FirstName847,LastName847,customer847@example.com,2023-10-31,USA,2025-07-07 23:20:13
848,FirstName848,LastName848,customer848@example.com,2023-09-13,USA,2025-07-07 23:20:13
849,FirstName849,LastName849,customer849@example.com,2025-04-06,Germany,2025-07-07 23:20:13
850,FirstName850,LastName850,customer850@example.com,2025-01-09,USA,2025-07-07 23:20:13
851,FirstName851,LastName851,customer851@example.com,2024-08-28,Poland,2025-07-07 23:20:13
852,FirstName852,LastName852,customer852@example.com,2025-05-26,USA,2025-07-07 23:20:13
853,FirstName853,LastName853,customer853@example.com,2024-03-10,USA,2025-07-07 23:20:13
854,FirstName854,LastName854,customer854@example.com,2023-09-17,USA,2025-07-07 23:20:13
855,FirstName855,LastName855,customer855@example.com,2023-08-04,Poland,2025-07-07 23:20:13
856,FirstName856,LastName856,customer856@example.com,2024-06-12,Germany,2025-07-07 23:20:13
857,FirstName857,LastName857,customer857@example.com,2025-06-06,USA,2025-07-07 23:20:13
858,FirstName858,LastName858,customer858@example.com,2023-12-27,USA,2025-07-07 23:20:13
859,FirstName859,LastName859,customer859@example.com,2024-02-17,Poland,2025-07-07 23:20:13
860,FirstName860,LastName860,customer860@example.com,2025-03-28,Poland,2025-07-07 23:20:13
861,FirstName861,LastName861,customer861@example.com,2025-02-13,USA,2025-07-07 23:20:13
862,FirstName862,LastName862,customer862@example.com,2024-03-24,USA,2025-07-07 23:20:13
863,FirstName863,LastName863,customer863@example.com,2024-08-23,USA,2025-07-07 23:20:13
864,FirstName864,LastName864,customer864@example.com,2024-12-05,Germany,2025-07-07 23:20:13
865,FirstName865,LastName865,customer865@example.com,2025-01-01,Poland,2025-07-07 23:20:13
866,FirstName866,LastName866,customer866@example.com,2024-05-13,Germany,2025-07-07 23:20:13
867,FirstName867,LastName867,customer867@example.com,2024-06-15,Germany,2025-07-07 23:20:13
868,FirstName868,LastName868,customer868@example.com,2025-05-12,Germany,2025-07-07 23:20:13
869,FirstName869,LastName869,,2024-11-23,Germany,2025-07-07 23:20:13
870,FirstName870,LastName870,,2024-02-25,USA,2025-07-07 23:20:13
871,FirstName871,LastName871,customer871@example.com,2024-10-30,Germany,2025-07-07 23:20:13
872,FirstName872,LastName872,customer872@example.com,2024-09-09,Germany,2025-07-07 23:20:13
873,FirstName873,LastName873,customer873@example.com,2023-10-17,Poland,2025-07-07 23:20:13
874,FirstName874,LastName874,customer874@example.com,2024-10-16,Poland,2025-07-07 23:20:13
875,FirstName875,LastName875,customer875@example.com,2024-07-05,Germany,2025-07-07 23:20:13
876,FirstName876,LastName876,customer876@example.com,2025-02-27,USA,2025-07-07 23:20:13
877,FirstName877,LastName877,customer877@example.com,2023-07-19,USA,2025-07-07 23:20:13
878,FirstName878,LastName878,customer878@example.com,2024-03-22,Poland,2025-07-07 23:20:13
879,FirstName879,LastName879,customer879@example.com,2024-10-06,Germany,2025-07-07 23:20:13
880,FirstName880,LastName880,customer880@example.com,2024-10-07,Poland,2025-07-07 23:20:13
881,FirstName881,LastName881,customer881@example.com,2023-09-22,Poland,2025-07-07 23:20:13
882,FirstName882,LastName882,customer882@example.com,2024-01-21,USA,2025-07-07 23:20:13
883,FirstName883,LastName883,customer883@example.com,2024-04-02,Poland,2025-07-07 23:20:13
884,FirstName884,LastName884,customer884@example.com,2024-07-07,Poland,2025-07-07 23:20:13
885,FirstName885,LastName885,customer885@example.com,2023-10-26,USA,2025-07-07 23:20:13
886,FirstName886,LastName886,customer886@example.com,2024-09-18,Poland,2025-07-07 23:20:13
887,FirstName887,LastName887,customer887@example.com,2024-01-15,Germany,2025-07-07 23:20:13
888,FirstName888,LastName888,customer888@example.com,2024-02-25,USA,2025-07-07 23:20:13
889,FirstName889,LastName889,customer889@example.com,2024-10-31,USA,2025-07-07 23:20:13
890,FirstName890,LastName890,customer890@example.com,2024-03-03,USA,2025-07-07 23:20:13
891,FirstName891,LastName891,customer891@example.com,2023-12-27,USA,2025-07-07 23:20:13
892,FirstName892,LastName892,customer892@example.com,2023-08-24,Germany,2025-07-07 23:20:13
893,FirstName893,LastName893,,2025-04-18,USA,2025-07-07 23:20:13
894,FirstName894,LastName894,,2024-05-08,Germany,2025-07-07 23:20:13
895,FirstName895,LastName895,customer895@example.com,2024-08-18,USA,2025-07-07 23:20:13
896,FirstName896,LastName896,customer896@example.com,2024-05-17,Poland,2025-07-07 23:20:13
897,FirstName897,LastName897,customer897@example.com,2025-03-05,Germany,2025-07-07 23:20:13
898,FirstName898,LastName898,customer898@example.com,2023-09-21,Poland,2025-07-07 23:20:13
899,FirstName899,LastName899,customer899@example.com,2023-09-14,Germany,2025-07-07 23:20:13
900,FirstName900,LastName900,customer900@example.com,2024-03-24,Poland,2025-07-07 23:20:13
901,FirstName901,LastName901,customer901@example.com,2024-04-19,USA,2025-07-07 23:20:13
902,FirstName902,LastName902,customer902@example.com,2025-04-20,USA,2025-07-07 23:20:13
903,FirstName903,LastName903,customer903@example.com,2024-11-10,Germany,2025-07-07 23:20:13
904,FirstName904,LastName904,customer904@example.com,2025-04-26,Poland,2025-07-07 23:20:13
905,FirstName905,LastName905,customer905@example.com,2023-09-06,Poland,2025-07-07 23:20:13
906,FirstName906,LastName906,customer906@example.com,2024-02-26,Germany,2025-07-07 23:20:13
907,FirstName907,LastName907,customer907@example.com,2023-08-25,Germany,2025-07-07 23:20:13
908,FirstName908,LastName908,customer908@example.com,2023-07-19,Poland,2025-07-07 23:20:13
909,FirstName909,LastName909,customer909@example.com,2023-10-15,Poland,2025-07-07 23:20:13
910,FirstName910,LastName910,customer910@example.com,2024-01-29,Germany,2025-07-07 23:20:13
911,FirstName911,LastName911,customer911@example.com,2023-12-05,Poland,2025-07-07 23:20:13
912,FirstName912,LastName912,customer912@example.com,2024-09-30,Germany,2025-07-07 23:20:13
913,FirstName913,LastName913,customer913@example.com,2025-02-10,Poland,2025-07-07 23:20:13
914,FirstName914,LastName914,customer914@example.com,2025-05-31,Germany,2025-07-07 23:20:13
915,FirstName915,LastName915,customer915@example.com,2023-12-13,Germany,2025-07-07 23:20:13
916,FirstName916,LastName916,customer916@example.com,2024-01-14,Poland,2025-07-07 23:20:13
917,FirstName917,LastName917,customer917@example.com,2025-01-09,Poland,2025-07-07 23:20:13
918,FirstName918,LastName918,customer918@example.com,2024-02-25,USA,2025-07-07 23:20:13
919,FirstName919,LastName919,customer919@example.com,2025-06-12,USA,2025-07-07 23:20:13
920,FirstName920,LastName920,,2023-07-15,Germany,2025-07-07 23:20:13
921,FirstName921,LastName921,customer921@example.com,2024-06-05,USA,2025-07-07 23:20:13
922,FirstName922,LastName922,customer922@example.com,2024-08-30,Germany,2025-07-07 23:20:13
923,FirstName923,LastName923,,2023-10-22,USA,2025-07-07 23:20:13
924,FirstName924,LastName924,customer924@example.com,2024-06-02,Germany,2025-07-07 23:20:13
925,FirstName925,LastName925,customer925@example.com,2024-02-12,Poland,2025-07-07 23:20:13
926,FirstName926,LastName926,,2024-01-23,USA,2025-07-07 23:20:13
927,FirstName927,LastName927,customer927@example.com,2025-02-06,Germany,2025-07-07 23:20:13
928,FirstName928,LastName928,customer928@example.com,2023-12-03,Poland,2025-07-07 23:20:13
929,FirstName929,LastName929,customer929@example.com,2023-10-24,Germany,2025-07-07 23:20:13
930,FirstName930,LastName930,customer930@example.com,2024-10-05,USA,2025-07-07 23:20:13
931,FirstName931,LastName931,customer931@example.com,2023-11-07,Germany,2025-07-07 23:20:13
932,FirstName932,LastName932,customer932@example.com,2025-03-15,USA,2025-07-07 23:20:13
933,FirstName933,LastName933,customer933@example.com,2024-06-08,USA,2025-07-07 23:20:13
934,FirstName934,LastName934,customer934@example.com,2024-08-29,USA,2025-07-07 23:20:13
935,FirstName935,LastName935,customer935@example.com,2024-09-15,USA,2025-07-07 23:20:13
936,FirstName936,LastName936,customer936@example.com,2025-03-04,Germany,2025-07-07 23:20:13
937,FirstName937,LastName937,customer937@example.com,2025-04-26,Germany,2025-07-07 23:20:13
938,FirstName938,LastName938,customer938@example.com,2023-07-21,Germany,2025-07-07 23:20:13
939,FirstName939,LastName939,customer939@example.com,2024-01-20,Poland,2025-07-07 23:20:13
940,FirstName940,LastName940,customer940@example.com,2023-10-30,Germany,2025-07-07 23:20:13
941,FirstName941,LastName941,customer941@example.com,2023-12-09,USA,2025-07-07 23:20:13
942,FirstName942,LastName942,customer942@example.com,2024-06-22,Poland,2025-07-07 23:20:13
943,FirstName943,LastName943,customer943@example.com,2024-09-13,Germany,2025-07-07 23:20:13
944,FirstName944,LastName944,customer944@example.com,2024-08-26,Poland,2025-07-07 23:20:13
945,FirstName945,LastName945,customer945@example.com,2024-12-09,Germany,2025-07-07 23:20:13
946,FirstName946,LastName946,customer946@example.com,2024-03-22,USA,2025-07-07 23:20:13
947,FirstName947,LastName947,customer947@example.com,2025-01-30,Germany,2025-07-07 23:20:13
948,FirstName948,LastName948,customer948@example.com,2024-12-14,USA,2025-07-07 23:20:13
949,FirstName949,LastName949,customer949@example.com,2024-09-16,USA,2025-07-07 23:20:13
950,FirstName950,LastName950,customer950@example.com,2024-03-28,USA,2025-07-07 23:20:13
951,FirstName951,LastName951,customer951@example.com,2024-03-02,Germany,2025-07-07 23:20:13
952,FirstName952,LastName952,customer952@example.com,2024-09-09,USA,2025-07-07 23:20:13
953,FirstName953,LastName953,,2024-10-25,Poland,2025-07-07 23:20:13
954,FirstName954,LastName954,customer954@example.com,2024-01-06,USA,2025-07-07 23:20:13
955,FirstName955,LastName955,customer955@example.com,2025-02-12,Germany,2025-07-07 23:20:13
956,FirstName956,LastName956,customer956@example.com,2025-07-05,USA,2025-07-07 23:20:13
957,FirstName957,LastName957,customer957@example.com,2023-12-31,Germany,2025-07-07 23:20:13
958,FirstName958,LastName958,customer958@example.com,2025-05-04,Germany,2025-07-07 23:20:13
959,FirstName959,LastName959,,2024-05-04,Germany,2025-07-07 23:20:13
960,FirstName960,LastName960,customer960@example.com,2024-05-06,USA,2025-07-07 23:20:13
961,FirstName961,LastName961,customer961@example.com,2023-12-26,Poland,2025-07-07 23:20:13
962,FirstName962,LastName962,customer962@example.com,2023-08-06,USA,2025-07-07 23:20:13
963,FirstName963,LastName963,customer963@example.com,2024-10-13,Germany,2025-07-07 23:20:13
964,FirstName964,LastName964,customer964@example.com,2025-02-07,Germany,2025-07-07 23:20:13
965,FirstName965,LastName965,customer965@example.com,2023-12-05,Poland,2025-07-07 23:20:13
966,FirstName966,LastName966,customer966@example.com,2024-05-23,Poland,2025-07-07 23:20:13
967,FirstName967,LastName967,customer967@example.com,2025-02-25,Poland,2025-07-07 23:20:13
968,FirstName968,LastName968,customer968@example.com,2024-01-13,Poland,2025-07-07 23:20:13
969,FirstName969,LastName969,customer969@example.com,2024-07-10,USA,2025-07-07 23:20:13
970,FirstName970,LastName970,customer970@example.com,2023-07-23,Germany,2025-07-07 23:20:13
971,FirstName971,LastName971,customer971@example.com,2024-02-13,Poland,2025-07-07 23:20:13
972,FirstName972,LastName972,customer972@example.com,2025-03-27,Poland,2025-07-07 23:20:13
973,FirstName973,LastName973,customer973@example.com,2024-03-22,Poland,2025-07-07 23:20:13
974,FirstName974,LastName974,customer974@example.com,2025-04-08,Poland,2025-07-07 23:20:13
975,FirstName975,LastName975,customer975@example.com,2025-05-03,USA,2025-07-07 23:20:13
976,FirstName976,LastName976,customer976@example.com,2025-04-05,USA,2025-07-07 23:20:13
977,FirstName977,LastName977,customer977@example.com,2024-10-30,Poland,2025-07-07 23:20:13
978,FirstName978,LastName978,customer978@example.com,2025-02-03,USA,2025-07-07 23:20:13
979,FirstName979,LastName979,customer979@example.com,2024-01-18,USA,2025-07-07 23:20:13
980,FirstName980,LastName980,customer980@example.com,2024-05-16,Poland,2025-07-07 23:20:13
981,FirstName981,LastName981,,2024-12-17,USA,2025-07-07 23:20:13
982,FirstName982,LastName982,customer982@example.com,2025-02-11,Poland,2025-07-07 23:20:13
983,FirstName983,LastName983,customer983@example.com,2023-07-21,Poland,2025-07-07 23:20:13
984,FirstName984,LastName984,customer984@example.com,2024-04-03,USA,2025-07-07 23:20:13
985,FirstName985,LastName985,customer985@example.com,2023-09-09,Germany,2025-07-07 23:20:13
986,FirstName986,LastName986,customer986@example.com,2025-04-25,Germany,2025-07-07 23:20:13
987,FirstName987,LastName987,customer987@example.com,2024-03-23,Germany,2025-07-07 23:20:13
988,FirstName988,LastName988,customer988@example.com,2024-02-25,Germany,2025-07-07 23:20:13
989,FirstName989,LastName989,customer989@example.com,2024-08-20,Poland,2025-07-07 23:20:13
990,FirstName990,LastName990,customer990@example.com,2023-11-23,Germany,2025-07-07 23:20:13
991,FirstName991,LastName991,customer991@example.com,2024-11-17,Germany,2025-07-07 23:20:13
992,FirstName992,LastName992,,2024-05-13,USA,2025-07-07 23:20:13
993,FirstName993,LastName993,customer993@example.com,2024-11-10,USA,2025-07-07 23:20:13
994,FirstName994,LastName994,customer994@example.com,2023-08-01,Poland,2025-07-07 23:20:13
995,FirstName995,LastName995,customer995@example.com,2024-08-03,Poland,2025-07-07 23:20:13
996,FirstName996,LastName996,customer996@example.com,2024-11-14,Germany,2025-07-07 23:20:13
997,FirstName997,LastName997,customer997@example.com,2024-04-24,Germany,2025-07-07 23:20:13
998,FirstName998,LastName998,customer998@example.com,2023-12-05,USA,2025-07-07 23:20:13
999,FirstName999,LastName999,customer999@example.com,2025-03-08,Poland,2025-07-07 23:20:13
1000,FirstName1000,LastName1000,customer1000@example.com,2024-02-04,Poland,2025-07-07 23:20:13
